semaforo,localizacao1,localizacao2,bairro,latitude,longitude,tipo,funcionamento,,
1,Av. Boa Viagem,Em frente ao parque Dona Lindú ,BOA VIAGEM,-8.142323,-34.903798,E/Git,Ocasional/Ped.,1,
2,Av. Conselheiro Aguiar,Rua Thomé Gibson ,BOA VIAGEM,-8.099068,-34.885883,E/Git,Veicular,1,
3,Av. Boa Viagem,Rua França Pereira,BOA VIAGEM,-8.106806,-34.887726,E/Git,Ocasional/Ped.,1,
4,Av. Boa Viagem,Rua Barão de Souza Leão ,BOA VIAGEM,-8.132230,-34.899990,E/Git,Ocasional/Ped.,1,
5,Av. Conselheiro Aguiar,Rua Artur Muniz,BOA VIAGEM,-8.104310,-34.888228,E/Git,Veicular,1,
6,Av. Conselheiro Aguiar,Rua Antônio Falcão,BOA VIAGEM,-8.116171,-34.894686,E/Git,Veicular,1,
7,Av. Mascarenhas de Morais,Rua Jamaica,IMBIRIBEIRA,-8.107620,-34.911720,E/Git,Veicular,1,
8,Av. Caxangá,Rua Bom Pastor,IPUTINGA,-8.040820,-34.938494,E/Git,Veicular,1,
9,Av.Cruz Cabugá,Est BRT Casa da Misericórdia,STO AMARO,-8.044224,-34.874595,E/Git,Pedestre,1,
10,II Perimetral,Av. Parnamirim,PARNAMIRIM,-8.034731,-34.908303,E/Git,Veicular,1,
11,Rua Conselheiro Portela,Rua 48,ESPINHEIRO,-8.041458,-34.893810,E/Git,Veicular,1,
12,Rua Barão da Vitória,Rua Floriano Peixoto,SANTO ANTÔNIO,-8.067321,-34.882931,E,Veic.C/Ped.Paral.,1,
13,Rua do Sol,Rua Nova,SANTO ANTÔNIO,-8.063874,-34.880922,E/Git,Veic.C/Ped.Ocas.,1,
14,Rua do Sol,Av. Guararapes,SANTO ANTÔNIO,-8.062706,-34.880416,E/Git,Veic.C/Ped.Paral.,1,
15,Av. Dantas Barreto,Av. Guararapes,SANTO ANTÔNIO,-8.063788,-34.878518,E/Git,Veic.C/Ped.Paral.,1,
16,Av. Recife,Rua São Nicolau,VILA DO IPSEP,-8.106969,-34.927227,E/Git,Veicular,1,
17,Av. Nossa Senhora do Carmo,Rua Duque de Caxias,SANTO ANTÔNIO,-8.066170,-34.877460,E/Git,Pedestre,1,
18,Rua do Imperador,Rua 1º de Março,SANTO ANTÔNIO,-8.064191,-34.876823,E/Git,Veicular,1,
19,Av. Rio Branco,Cais do Apolo,RECIFE ANTIGO,-8.062391,-34.873830,E/Git,Veicular,1,
20,Av. Marquez de Olinda,Rua Madre de Deus,RECIFE ANTIGO,-8.063611,-34.873672,E/Git,Veicular,1,
21,Rua da Hora,Rua 48,ESPINHEIRO,-8.042905,-34.891930,E/Git,Veicular,1,
22,Rua Princesa Isabel,Rua da Aurora,BOA VISTA,-8.059518,-34.879984,E/Git,Veic.C/Ped.Paral.,1,
23,Av. Conde da Boa Vista,Rua do Hospício,BOA VISTA,-8.060773,-34.884050,E/Git,Veic.C/Ped.,1,
24,Av. Conde da Boa Vista,Rua Gervásio Pires,BOA VISTA,-8.059567,-34.886443,E/Git,Veic.C/Ped.,1,
25,Av. Conde da Boa Vista,Rua da Soledade,BOA VISTA,-8.057554,-34.889962,E/Git,Veic.C/Ped.,1,
26,Estrada de Belém,Rua Odorico Mendes,CAMPO GRANDE,-8.032111,-34.881324,E,Veic.C/Ped.Ocas.,1,
27,Av. Conde da Boa Vista,Rua Dom Bosco,BOA VISTA,-8.055998,-34.895380,E/Git,Veicular,1,
28,Av. Manoel Borba,Rua Dom Bosco,PAISSANDU,-8.059392,-34.894050,E/Git,Veicular,1,
29,Av. Manoel Borba,Rua José de Alencar,BOA VISTA,-8.060502,-34.888369,E/Git,Veicular,1,
30,Rua 13 de Maio,Rua Dos Palmares,SANTO AMARO,-8.052560,-34.883697,E/Git,Veicular,1,
31,Rua do Hospício,Rua Princesa Isabel,BOA VISTA,-8.057830,-34.882930,E/Git,Veic.C/Ped.Paral.,1,
32,Rua do Hospício,Av. Visc. De Suassuna,BOA VISTA,-8.055068,-34.882265,E/Git,Veic.C/Ped.,1,
33,Rua do Hospício,Rua da Matriz,BOA VISTA,-8.062624,-34.885292,E/Git,Veicular,1,
34,Av. Norte Miguel Arraes de Alencar,Av. Cruz Cabugá,SANTO AMARO,-8.047535,-34.876962,E/Git,Veicular,1,
35,Av. Dantas Barreto,Rua Imperial,SÃO JOSÉ,-8.072390,-34.883980,E/Git,Veicular,1,
36,Av. Norte Miguel Arraes de Alencar,Rua 13 de Maio,SANTO AMARO,-8.045910,-34.879089,E/Git,Veicular,1,
37,Av. Gov. Agamenon Magalhães,Av. Rui Barbosa,DERBY,-8.052422,-34.895758,E/Git,Veicular,1,
38,Av. Adv. José Paulo Cavalcanti,Ao lado do Fórum Joana Bezerra,ILHA JOANA BEZERRA,-8.069418,-34.895270,E/Git,Veic.C/Laço Det.,1,
39,Rua Motocolombó,Rua Augusto Wanderley,AFOGADOS,-8.082688,-34.906625,E/Git,Veicular,1,
40,Praça do Derby,Rua Jenner de Souza,DERBY,-8.057073,-34.900077,E/Git,Veic.C/Ped.,1,
41,Rua do Príncipe,Rua Gervásio Pires,BOA VISTA,-8.057352,-34.885062,E/Git,Veicular,1,
42,Av. Beberibe,Estrada de Belém ,ENCRUZILHADA,-8.037235,-34.890996,E/Git,Veic.C/Ped.,1,
43,Av. Norte Miguel Arraes de Alencar,Av. João de Barros,ENCRUZILHADA,-8.038574,-34.892000,E/Git,Veicular,1,
44,Av. Dr. José Rufino,Rua Ipojuca,AREIAS,-8.091724,-34.936071,E,Veicular,1,
45,Av. Norte Miguel Arraes de Alencar,Rua Fernando Cesar,ENCRUZILHADA,-8.037027,-34.894343,E/Git,Veicular,1,
46,Av. Conselheiro Rosa e Silva,Rua Amélia,GRAÇAS,-8.045446,-34.897044,E/Git,Veicular,1,
47,Av. Conselheiro Rosa e Silva,Av. Santos Dumont,ROSARINHO,-8.039569,-34.899387,E/Git,Veicular,1,
48,Av. Rui Barbosa,Rua Amélia,GRAÇAS,-8.045144,-34.902060,E/Git,Veicular,1,
49,Av. Gov. Agamenon Magalhães,Rua Odorico Mendes,SANTO AMARO,-8.039799,-34.878830,E/Git,Veicular,1,
50,Rua José Osório,Rua Visconde de Albuquerque,MADALENA,-8.053297,-34.906797,E/Git,Veic.C/Ped.,1,
51,Rua Benfica,Estrada dos Remédios,MADALENA,-8.058197,-34.907149,E/Git,Veic.C/Ped.,1,
52,Av. Abdias de Carvalho,Estrada dos Remédios,MADALENA,-8.061707,-34.907595,E/Git,Veicular,1,
53,Rua São Miguel,Estrada dos Remédios,AFOGADOS,-8.080230,-34.906628,E/Git,Veic.C/Ped.Ocas.,1,
54,Av. Dantas Barreto,Rua São João,SÃO JOSÉ,-8.070230,-34.882240,E/Git,Veic.C/Ped.Paral.,1,
55,Av. Recife,Rua Pintor Antônio Albuquerque,VILA DO IPSEP,-8.107911,-34.927095,E/Git,Veicular,1,
56,Av. Norte Miguel Arraes de Alencar,Rua Marquez do Paraná,TORREÃO,-8.039898,-34.887527,E/Git,Veicular,1,
57,Av. Abdias de Carvalho,Rua Carlos Gomes,PRADO,-8.062552,-34.913114,E/Git,Veicular,1,
58,Av. Abdias de Carvalho,Av. Gal. San Martin,CORDEIRO,-8.060463,-34.925752,E/DIG,Veicular,1,
59,Av. Recife,Rua Cap. Jacínto da Cruz,VILA CARDEAL,-8.094020,-34.929090,E/Git,Veicular,1,
60,Rua Dr. Vincente Gomes,Rua Setubal,BOA VIAGEM,-8.133064,-34.901717,E/Git,Veicular,1,
61,Estrada do Arraial,Rua Cônego Barata,TAMARINEIRA,-8.033199,-34.903538,E/Git,Veicular,1,
62,Av. Norte Miguel Arraes de Alencar,Rua Cônego Barata,TAMARINEIRA,-8.029633,-34.900494,E/Git,Veicular,1,
63,Av. Beberibe,Rua Men de Sá,PONTO DE PARADA,-8.030124,-34.892476,E/Git,Veicular,1,
64,Av. Beberibe,Rua São Bento,ÁGUA FRIA,-8.023192,-34.893899,E/Git,Veicular,1,
65,Av. Norte Miguel Arraes de Alencar,Rua Nova Descoberta,NOVA DESCOBERTA,-8.019908,-34.926677,E/Git,Veicular,1,
66,Av. Norte Miguel Arraes de Alencar,Rua Padre Lemos,CASA AMARELA,-8.020799,-34.921718,E/Git,Veicular,1,
67,Av. Gal. San Martin,Rua Gomes Taborda,CORDEIRO,-8.055486,-34.923966,E,Veic.C/Ped.,1,
68,Av. Gov. Agamenon Magalhães,Rua Henrique Dias,DERBY,-8.058912,-34.897931,E/Git,Veicular,1,
69,Av. Gov. Agamenon Magalhães,Rua Paissandú,PAISSANDU,-8.062396,-34.897553,E/Git,Veic.C/Ped.Paral.,1,
70,Rua Jean Emile Favre,Rua Saturnino Meireles,IMBIRIBEIRA,-8.113264,-34.922089,E,Veicular,1,
71,Rua Joaquim Nabuco,Rua das Creoulas,DERBY,-8.052473,-34.899471,E/Git,Veicular,1,
72,Av. Sul,Sob Viaduto de 5 Pontas,SÃO JOSÉ,-8.072364,-34.880475,E,Ocasional/Ped.,1,
73,Rua Nicolau Pereira ,Rua da Paz,AFOGADOS,-8.079545,-34.904337,E/Git,Veicular,1,
74,Estrada do Arraial,Rua da Harmonia,CASA AMARELA,-8.027477,-34.913859,E/Git,Veic.C/Ped.,1,
75,Av. Gov. Agamenon Magalhães,Av. Carlos de Lima Cavalcante,DERBY,-8.056709,-34.897924,E/Git,Veicular,1,
76,Cais de Santa Rita,Em frente ao Armazém 16,SÃO JOSÉ,-8.069600,-34.875396,E/Git,Veicular,1,
77,Av. Beira Rio,Prox. Ponte da Torre,TORRE,-8.046546,-34.904220,E/Git,Ocasional/Ped.,1,
78,Av. Gov. Agamenon Magalhães,Rua Buenos Aires,DERBY,-8.048678,-34.892940,E/Git,Veicular,1,
79,Av. Norte Miguel Arraes de Alencar,Rua Córrego do Bartolomeu,CASA AMARELA,-8.024091,-34.911926,E/Git,Veicular,1,
80,Av. Caxangá,Av. Gal. San Martin,CORDEIRO,-8.050447,-34.921077,E/Git,Veicular,1,
81,Av. Norte Miguel Arraes de Alencar,Av. Santos Dumont,ROSARINHO,-8.033536,-34.896475,E/Git,Veicular,1,
82,Av. Dr. José Rufino,Rua João Teixeira,ESTÂNCIA,-8.084694,-34.928126,E/Git,Veic.C/Ped.Ocas.,1,
83,Av. Manoel Borba,Rua das Ninfas,BOA VISTA,-8.059303,-34.891310,E/Git,Veicular,1,
84,Av. Boa Viagem,Av. Armindo Moura,BOA VIAGEM,-8.151128,-34.907787,E/Git,Veic.C/Ped.Paral.,1,
85,Av. Recife,Rua Cap. Estevão Fernandes,VILA CARDEAL,-8.092779,-34.929265,E/Git,Ocasional/Ped.,1,
86,Rua Barão de Itamaracá,Rua do Espinheiro,ESPINHEIRO,-8.043457,-34.893356,E/Git,Veicular,1,
87,Rua Imperial,Rua Lourenço de Sá,SÃO JOSÉ,-8.076207,-34.895181,E,Veicular,1,
88,Av. Maurício de Nassau,Rua Nossa Senhora da Saúde,CORDEIRO,-8.040724,-34.927190,E,Veicular,1,
89,Av. João de Barros,Rua do Espinheiro,ESPINHEIRO,-8.041333,-34.891432,E/Git,Veicular,1,
90,Rua da Aurora,Av. Mário Melo,BOA VISTA,-8.056323,-34.877953,E,Veic.C/Ped.,1,
91,Rua Falcão de Lacerda,Em frente à Igreja de Tejipió,TEJIPIÓ,-8.093370,-34.963700,E,Ocasional/Ped.,1,
92,Rua do Hospício,Rua do Riachuelo,BOA VISTA,-8.059149,-34.883491,E/Git,Veicular,1,
93,Rua Álvares de Azevedo,Rua Gouveia de Barros,SANTO AMARO,-8.049570,-34.888670,E,Veicular,1,
94,Estrada de Belém,Rua Prudente de Moraes,CAMPO GRANDE,-8.032989,-34.884563,E,Veicular,1,
95,Av. Norte Miguel Arraes de Alencar,Largo D. Luiz,CASA AMARELA,-8.021323,-34.917489,E/Git,Veicular,1,
96,Av. Norte Miguel Arraes de Alencar,Rua da Mangabeira,MANGABEIRA,-8.025589,-34.906581,E/Git,Veicular,1,
97,Av. Norte Miguel Arraes de Alencar,Em frente a Paróquia de São Sebastião,SANTO AMARO,-8.043957,-34.882417,E/Git,Veic.C/Ped.Ocas.,1,
98,Av. Santos Dumont,Rua Dr. José Maria,ROSARINHO,-8.035649,-34.897487,E/Git,Veicular,1,
99,Av. Cons. Rosa e Siva,Rua Barão de contendas,AFLITOS,-8.041708,-34.898009,E/Git,Ocasional/Ped.,1,
100,Estrada Velha do Bongi,Rua Cosme Viana,BONGI,-8.068287,-34.909790,E,Veicular,1,
101,Rua Jean Emile Favre,Rua Blumenau,IPSEP,-8.109943,-34.918273,E,Veicular,1,
102,Av. Rui Barbosa,Rua das Creoulas,GRAÇAS,-8.049903,-34.898007,E/Git,Veicular,1,
103,Av. Antônio de Góis,Rua Manoel de Brito,PINA,-8.085444,-34.886685,E/Git,Veicular,1,
104,Av. Boa Viagem,Av. Herculano Bandeira,PINA,-8.091769,-34.882053,E/Git,Veic.C/Ped.Paral.,1,
105,Av. Boa Viagem,Rua Thomé Gibson,BOA VIAGEM,-8.099740,-34.884436,E/Git,Veic.C/Ped.Paral.,1,
106,Rua Real da Torre,Rua Conde de Irajá,TORRE,-8.046317,-34.909548,E/Git,Veicular,1,
107,Av. 17 de Agosto,Estrada do Arraial,CASA FORTE,-8.027788,-34.927156,E/Git,Veicular,1,
108,Av. Gov. Agamenon Magalhães,Em frente à DRT,SANTO AMARO,-8.043536,-34.887514,E/Git,Ocasional/Ped.,1,
109,Av. Maurício de Nassau,Próx. Rua Santa Lúcia,IPUTINGA,-8.039282,-34.929594,E,Ocasional/Ped.,1,
110,Av. Boa Viagem,Rua Pereira da Costa,PINA,-8.095900,-34.883112,E/Git,Ocasional/Ped.,1,
111,Rua Itanagé,Rua Blumenau,IPSEP,-8.106442,-34.921326,E,Veicular,1,
112,Av. Boa Viagem,Rua Padre Carapuceiro,BOA VIAGEM,-8.120273,-34.895078,E/Git,Ocasional/Ped.,1,
113,Av. Boa Viagem,Rua Ernesto de Paula Santos,BOA VIAGEM,-8.125274,-34.897142,E/Git,Veic.C/Ped.Paral.,1,
114,Av. Conselheiro Aguiar,Rua Cel.Benedito Chaves,BOA VIAGEM,-8.128354,-34.900410,E/Git,Veicular,1,
115,Av. Conselheiro Aguiar,Rua Padre Carapuceiro,BOA VIAGEM,-8.119519,-34.896599,E/Git,Veicular,1,
116,Av. Mascarenhas de Morais,Em frente ao Nº 4728,IMBIRIBEIRA,-8.125170,-34.915120,E/Git,Ocasional/Ped.,1,
117,Av. Boa Viagem,3º Jardim,BOA VIAGEM,-8.108815,-34.888605,E/Git,Ocasional/Ped.,1,
118,Av. Boa Viagem,1º Jardim,BOA VIAGEM,-8.101270,-34.885140,E/Git,Ocasional/Ped.,1,
119,Av. Boa Viagem,Rua Ondina,PINA,-8.094196,-34.882681,E/Git,Ocasional/Ped.,1,
120,Av. Boa Viagem,Rua Bruno Veloso,BOA VIAGEM,-8.121939,-34.895997,E/Git,Veic.C/Ped.Paral.,1,
121,Av. Boa Viagem,Rua do Atlântico,BOA VIAGEM,-8.098279,-34.883756,E/Git,Ocasional/Ped.,1,
122,Av. Frei Matias Teves,Rua Dr. João Ásfora,ILHA DO LEITE,-8.063672,-34.896197,E/Git,Veic.C/Ped.,1,
123,Av. Boa Viagem,Rua Benvinda de Farias,BOA VIAGEM,-8.111829,-34.889969,E/Git,Veic.C/Ped.Paral.,1,
124,Av. Boa Viagem,2º Jardim,BOA VIAGEM,-8.104509,-34.886665,E/Git,Ocasional/Ped.,1,
125,Av. Conselheiro Aguiar,Rua Padre Bernadino Pessoa,BOA VIAGEM,-8.114538,-34.893663,E/Git,Veicular,1,
126,Av. Rui Barbosa,Rua Esmeraldino Bandeira,GRAÇAS,-8.047637,-34.899890,E/Git,Veicular,1,
127,Av. Conselheiro Aguiar,Rua Ernesto de Paula Santos,BOA VIAGEM,-8.124892,-34.899121,E/Git,Veicular,1,
128,Av. Domingos Ferreira,Rua Cel. Benedito Chaves,BOA VIAGEM,-8.127933,-34.901425,E/Git,Veicular,1,
129,Av. Visconde de Jequitinhonha,Rua Barão de Souza Leão,BOA VIAGEM,-8.131572,-34.902889,E/Git,Veicular,1,
130,Av. Recife,Rua Jean Emile Favre,IPSEP,-8.115394,-34.924526,E/Git,Veicular,1,
131,Av. Beberibe,Av. Prof. José dos Anjos,ARRUDA,-8.027954,-34.892919,E/Git,Veicular,1,
132,Av. Abdias de Carvalho,Rua João Ivo,MADALENA,-8.062088,-34.909676,E/Git,Veicular,1,
133,Av. Conselheiro Aguiar,Após a Rua Souto Filho,PINA,-8.092824,-34.883905,E/Git,Ocasional/Ped.,1,
134,Av. Mário Álvares de Lyra,Rua Prof. Joaquim Xavier de Brito,IPUTINGA,-8.046993,-34.936048,E/Git,Veic.C/Ped.,1,
135,Rua Jean Emile Favre,Av. Costa e Silva,VILA DO IPSEP,-8.114480,-34.923500,E/Git,Veicular,,
136,Rua Paula Batista,Rua Nereu Guerra,CASA AMARELA,-8.025550,-34.915383,E/Git,Veicular,1,
137,Av. Herculano Bandeira,Rua Miranda Falcão,PINA,-8.088860,-34.885140,E/Git,Ocasional/Ped.,1,
138,Av. Herculano Bandeira,Av. Conselheiro Aguiar,PINA,-8.090466,-34.883615,E/Git,Veicular,1,
139,Av. Domingos Ferreira,Rua Benvinda de Farias,BOA VIAGEM,-8.110533,-34.892364,E/Git,Ocasional/Ped.,1,
140,Av. Conselheiro Aguiar,Rua Pereira da Costa,PINA,-8.095521,-34.884655,E/Git,Veicular,1,
141,Av. Dantas Barreto,Rua Siqueira Campos,SANTO ANTÔNIO,-8.062692,-34.878243,E/Git,Veicular,1,
142,Av. Domingos Ferreira,Rua Pereira da Costa,BOA VIAGEM,-8.095197,-34.885913,E/Git,Veicular,1,
143,Av. Conselheiro Aguiar,Rua Henrique Capitulino,BOA VIAGEM,-8.109665,-34.890672,E/Git,Veicular,1,
144,Av. Domingos Ferreira,Rua Padre Bernadino Pessoa,BOA VIAGEM,-8.114084,-34.894511,E/Git,Veicular,1,
145,Av. Domingos Ferreira,Rua Antônio Falcão,BOA VIAGEM,-8.115744,-34.895531,E/Git,Veicular,1,
146,Av. Conselheiro Aguiar,Rua Bruno Veloso,BOA VIAGEM,-8.121770,-34.897939,E/Git,Veicular,1,
147,Av. Conselheiro Aguiar,Rua Ribeiro de Brito,BOA VIAGEM,-8.123740,-34.898664,E/Git,Veicular,1,
148,Av. Boa Viagem,Rua Prof. Mário de Castro,BOA VIAGEM,-8.137039,-34.901918,E/Git,Veic.C/Ped.Paral.,1,
149,Av. Boa Viagem,Rua Baltazar Passos,BOA VIAGEM,-8.145063,-34.905147,E/Git,Veic.C/Ped.Paral.,1,
150,Av. Boa Viagem,Rua Cel. Antônio Veloso,BOA VIAGEM,-8.148720,-34.906830,E/Git,Ocasional/Ped.,1,
151,Av. Lins Pettit,Em frente Praça Chora Menino,BOA VISTA,-8.060402,-34.894791,E/Git,Ocasional/Ped.,1,
152,Av. Boa Viagem,Rua Benedito Chaves,BOA VIAGEM,-8.129072,-34.898562,E/Git,Ocasional/Ped.,1,
153,Av. Beberibe,Próx. Rua São Joaquim do Monte,ÁGUA FRIA,-8.017012,-34.891978,E,Ocasional/Ped.,1,
154,Av. Visconde de Jequitinhonha,Rua Baltazar Passos,SETÚBAL,-8.144380,-34.906482,E/Git,Veicular,1,
155,Av. Domingos Ferreira,Rua Ribeiro de Brito,BOA VIAGEM,-8.123574,-34.899789,E/Git,Veicular,1,
156,Av. Dr. José Rufino,Em frente ao Colégio Castelo Branco,TEJIPIÓ,-8.091613,-34.949282,E,Ocasional/Ped.,1,
157,Rua Aprígio Guimarães,Rua Paulino de Farias,COQUEIRAL,-8.087151,-34.965569,E,Veicular,1,
158,Av. Visconde de Jequitinhonha,Rua Prof. Mário de Castro,SETÚBAL,-8.136528,-34.903513,E/Git,Veicular,1,
159,Rua Barão de Souza Leão,Rua Sá e Souza,BOA VIAGEM,-8.132055,-34.906769,E/Git,Veic.C/Ped.Ocas.,1,
160,Rua dos Navegantes,Rua Bruno Veloso,BOA VIAGEM,-8.121887,-34.896770,E/Git,Veic.C/Ped.Ocas.,1,
161,Av. Mascarenhas de Morais,Rua Jean Emile de Favre,IMBIRIBEIRA,-8.106314,-34.911444,E/Git,Ocasional/Ped.,1,
162,Av. Conde da Boa Vista,Rua da Aurora,BOA VISTA,-8.062052,-34.881642,E/Git,Veic.C/Ped.,1,
163,Av. Dantas Barreto,Rua Nova,SANTO ANTÔNIO,-8.064378,-34.878424,E/Git,Pedestre,1,
164,Av. Martins de Barros,Praça da República,SANTO ANTÔNIO,-8.061638,-34.876530,E,Veicular,1,
165,Cais do Apolo,Av. Marquez de Olinda,RECIFE ANTIGO,-8.063737,-34.874422,E/Git,Veicular,1,
166,Rua do Espinheiro,Rua 48,ESPINHEIRO,-8.042306,-34.892561,E/Git,Veicular,1,
167,Rua Princesa Isabel,Rua da União,BOA VISTA,-8.059131,-34.880605,E/Git,Pedestre,1,
168,Rua Princesa Isabel,Rua da Saudade,BOA VISTA,-8.058763,-34.881174,E/Git,Veicular,1,
169,Av. Manoel Borba,Rua Gervásio Pires,BOA VISTA,-8.061105,-34.887367,E/Git,Veicular,1,
170,Rua do Príncipe,Em frente à UNICAP,BOA VISTA,-8.055811,-34.887862,E,Ocasional/Ped.,1,
171,Av. Cruz Cabugá,Av. Mário Melo,SANTO AMARO,-8.053960,-34.881592,E/Git,Veicular,1,
172,Av. Visconde de Suassuna,Rua 13 de Maio,SANTO AMARO,-8.053779,-34.884434,E/Git,Veicular,1,
173,Av. Gov. Agamenon Magalhães,Rua Dr. Bandeira Filho,DERBY,-8.051467,-34.895077,E/Git,Veicular,1,
174,Av. Gov. Agamenon Magalhães,Rua Dom Bosco,DERBY,-8.053390,-34.896415,E/Git,Veicular,1,
175,Rua do Riachuelo,Rua Gervásio Pires,BOA VISTA,-8.058313,-34.885652,E/Git,Veicular,1,
176,Rua do Príncipe,Rua Bispo Cardoso Aires,BOA VISTA,-8.056649,-34.886316,E/Git,Veicular,1,
177,Rua Amélia,Rua do Futuro,GRAÇAS,-8.045157,-34.898335,E/Git,Veicular,1,
178,Rua Amélia,Rua Antônio Novaes,GRAÇAS,-8.044977,-34.900298,E/Git,Ocasional/Ped.,1,
179,Rua José Osório,Rua Real da Torre,MADALENA,-8.053547,-34.908646,E/Git,Veicular,1,
180,Rua da Concórdia,Rua de São João,SÃO JOSÉ,-8.069743,-34.882977,E/Git,Veicular,1,
181,Av. Dantas Barreto,Rua do Peixoto,SÃO JOSÉ,-8.071401,-34.883221,E/Git,Veicular,1,
182,Rua da Concórdia ,Rua do Peixoto,SÃO JOSÉ,-8.070961,-34.883875,E/Git,Veicular,1,
183,Av. Fernando Simões Barbosa,Rua Jack Aires,BOA VIAGEM,-8.119451,-34.901152,E/Git,Veic.C/Ped.Ocas.,1,
184,Rua Barão de Itamaracá,Rua da Hora,ESPINHEIRO,-8.043834,-34.892819,E/Git,Veicular,1,
185,Av. Gal. San Martin,Rua Próx. Clotilde de Oliveira,CORDEIRO,-8.052688,-34.922385,E,Ocasional/Ped.,1,
186,Av. Beberibe,Rua Coragem,ENCRUZILHADA,-8.036111,-34.891244,E/Git,Veicular,1,
187,Av. Beberibe,Rua da Regeneração,ÁGUA FRIA,-8.018510,-34.893277,E,Veicular,1,
188,Av. Santos Dumont,Rua do Futuro,ROSARINHO,-8.040902,-34.900096,E/Git,Veicular,1,
189,Rua Dom Manuel de Medeiros,Em frente ao LAFEPE,DOIS IRMÃOS,-8.015859,-34.943677,E,Ocasional/Ped.,1,
190,Av. Boa Viagem,Rua Frei Leandro Camelo,BOA VIAGEM,-8.146655,-34.905891,E/Git,Ocasional/Ped.,1,
191,Rua José Bonifácio,Rua Conde de Irajá,TORRE,-8.046004,-34.907050,E/Git,Veicular,1,
192,Rua Real da Torre,Rua D. Manoel da Costa,TORRE,-8.047506,-34.909150,E/Git,Veicular,1,
193,Rua José Bonifácio,Rua Padre Anchieta,TORRE,-8.047199,-34.906653,E/Git,Veicular,1,
194,Av. Martins de Barros,Rua 1º de Março,SANTO ANTÔNIO,-8.064105,-34.876370,E/Git,Veicular,1,
195,Rua Amélia,Rua do Espinheiro,ESPINHEIRO,-8.045830,-34.895350,E/Git,Veicular,1,
196,Av. Alfredo Lisboa,Rua Vital de Oliveira,BAIRRO DO RECIFE,-8.060650,-34.870390,E,Ocasional/Ped.,1,
197,Rua do Sol,Em frente ao Liceu de Artes de PE,SANTO ANTÔNIO,-8.061107,-34.879324,E,Ocasional/Ped.,1,
198,Av. João de Barros,Rua Leopoldo Lins ,SANTO AMARO,-8.049710,-34.890010,E,Veicular,1,
199,Rua de São João,Rua do Forte,SÃO JOSÉ,-8.071082,-34.880603,E,Ocasional/Ped.,1,
200,Av. Domingos Ferreira,Rua Thomé Gibson,BOA VIAGEM,-8.098758,-34.886600,E/Git,Veicular,1,
201,Estrada de Belém,Rua Antônio Rangel,CAMPO GRANDE,-8.035682,-34.888540,E,Veicular,1,
202,Av. Cruz Cabugá,Rua Dna. Maria de Souza,SANTO AMARO,-8.040833,-34.872134,E/Git,Veic.C/Ped.Ocas.,1,
203,Av. Nossa Senhora do Carmo,Rua do Imperador,SANTO ANTÔNIO,-8.066141,-34.876680,E/Git,Veic.C/Ped.Ocas.,1,
204,Av. Nossa Senhora do Carmo,Av. Martins de Barros,SANTO ANTÔNIO,-8.066107,-34.876245,E/Git,Veicular,1,
205,Av. Sul(Pista principal),Antes do Viaduto Joana Bezerra,AFOGADOS,-8.076770,-34.894820,E/Git,Ocasional/Ped.,1,
206,Rua do Imperador,Rua Siqueira Campos,SANTO ANTÔNIO,-8.062875,-34.876975,E/Git,Veicular,1,
207,Rua Imperial ,Rua do Peixoto,SÃO JOSÉ,-8.071997,-34.882352,E/Git,Veicular,1,
208,Av. Dr. José Rufino,Rua Itaenga,TEJIPIÓ,-8.090837,-34.951214,E,Veic.C/Ped.Ocas.,1,
209,Rua Dr. José Mariano,Rua Velha,SANTO ANTÔNIO,-8.064781,-34.885037,E,Veicular,1,
210,Rua da Aurora,Rua da Imperatriz,SANTO ANTÔNIO,-8.063454,-34.882531,E/Git,Pedestre,1,
211,Av. Sul(corredor de ônibus),Antes do Viaduto Joana Bezerra,AFOGADOS,-8.076928,-34.894710,E/Git,Ocasional/Ped.,1,
212,Av. Recife,Av. Presidente Kennedy,AREIAS,-8.103319,-34.927649,E/Git,Veic.C/Ped.Ocas.,1,
213,Av. Dr. José Rufino,Rua Domingos Teotônio,BARRO,-8.092925,-34.941609,E,Ocasional/Ped.,1,
214,Av. Conselheiro Rosa e Silva,Av. Dr. Malaquias,ROSARINHO,-8.038142,-34.900583,E/Git,Veicular,1,
215,Rua do Futuro,Av. Dr. Malaquias,ROSARINHO,-8.038757,-34.901782,E/Git,Veicular,1,
216,Av. Domingos Ferreira,Rua Padre Carapuceiro,BOA VIAGEM,-8.119076,-34.897531,E/Git,Veicular,1,
217,Av. Domingos Ferreira,Rua Ernesto de Paula Santos,BOA VIAGEM,-8.124700,-34.900211,E/Git,Veicular,1,
218,Av. Mascarenhas de Morais,Rua Barão de Souza Leão,IMBIRIBEIRA,-8.132591,-34.916230,E,Ocasional/Ped.,1,
219,Rua Odete Monteiro,Em frente a Escola Munic. Darcy Ribeiro,CORDEIRO,-8.045980,-34.920842,E,Ocasional/Ped.,1,
220,Av. Manoel Borba,Rua da Soledade,BOA VISTA,-8.059565,-34.890071,E/Git,Veicular,1,
221,Rua Gervásio Pires,Rua Barão de São Borja,GRAÇAS,-8.041944,-34.902881,E/Git,Veicular,1,
222,Rua da Soledade,Rua Oliveira Lima,BOA VISTA,-8.056245,-34.889896,E/Git,Veicular,1,
223,Rua Padre Roma,Rua do Futuro,TAMARINEIRA,-8.033814,-34.905615,E/Git,Veic.C/Ped.,1,
224,Rua Dom Manoel de Medeiros,Em frente a entrada da UFRPE,DOIS IRMÃOS,-8.016905,-34.951408,E,Ocasional/Ped.,1,
225,Av. Mascarenhas de Morais,Av. General Mac. Arthur,IMBIRIBEIRA,-8.108870,-34.911830,E/Git,Veic.C/Ped.,1,
226,Av. Antônio de Góis,Av. Cons. Aguiar,PINA,-8.089550,-34.882736,E/Git,Veicular,1,
227,Rua Antônio Falcão,Rua Francisco da Cunha,BOA VIAGEM,-8.115157,-34.896684,E/Git,Veicular,1,
228,Av. Caxangá,Est BRT Engenho Poeta (Sub/Cid),BRASILIT,-8.034520,-34.950005,E/Git,Ocasional/Ped.,1,
229,Av. Caxangá,Rua São Mateus,IPUTINGA,-8.041579,-34.937045,E/Git,Veicular,1,
230,Av. Caxangá,Rua Prof. Chaves Batista,IPUTINGA,-8.037541,-34.944343,E/Git,Veicular,1,
231,Av. Caxangá,Rua General Polidoro,IPUTINGA,-8.036979,-34.945456,E/Git,Veicular,1,
232,Av. Caxangá,Rua Rodrigues Ferreira,VÁRZEA,-8.032096,-34.954246,E/Git,Veicular,1,
233,Rua Carlos Gomes,Estrada do Bongi,PRADO,-8.066040,-34.914151,E/Git,Veicular,1,
234,Av. Caxangá,Rua Inácio Monteiro,CORDEIRO,-8.045539,-34.929875,E/Git,Veicular,1,
235,Av. Caxangá,Rua Cláudio Brotherhood,CORDEIRO,-8.046690,-34.927890,E/Git,Veicular,1,
236,Av. Caxangá,Rua Gregório Jr.,CORDEIRO,-8.051658,-34.918898,E/Git,Veicular,1,
237,Rua Real da Torre,Em frente ao Colégio Joaquim Távora,MADALENA,-8.055776,-34.909047,E/Git,Ocasional/Ped.,1,
238,Av. Beberibe,Rua Frederico,ENCRUZILHADA,-8.034461,-34.891581,E/Git,Veicular,1,
239,Rua São Mateus,Av. Maurício de Nassau,IPUTINGA,-8.036687,-34.935337,E,Veic.C/Ped.Ocas.,1,
240,Av. Cons. Aguiar,Rua Frei Leandro,BOA VIAGEM,-8.102537,-34.887433,E/Git,Ocasional/Ped.,1,
241,Av. Cons. Aguiar,Rua Des. João Paes,BOA VIAGEM,-8.126841,-34.899838,E/Git,Ocasional/Ped.,1,
242,Estrada dos Remédios,Rua Nicolau Pereira,AFOGADOS,-8.075989,-34.907286,E,Veicular,1,
243,Av. Norte Miguel Arraes de Alencar,Rua da Aurora(Ponte Limoeiro),SANTO AMARO,-8.049989,-34.873799,E/Git,Veicular,1,
244,Av. Visconde de Suassuna,Rua Gervásio Pires,SANTO AMARO,-8.054486,-34.883273,E/Git,Veicular,1,
245,Rua 21 de Abril,Av. Manoel Gonçalves da Luz,MUSTARDINHA,-8.075102,-34.918391,E,Veic.C/Ped.,1,
246,Estrada do Barbalho,Av. Maurício de Nassau,IPUTINGA,-8.035471,-34.939850,E,Veic.C/Ped.Ocas.,1,
247,Av. Recife,Rua Raimundo Diniz,IPSEP,-8.116248,-34.923724,E/Git,Veicular,1,
248,Av. Dois Irmãos,Em frente à Fundação Joaquim Nabuco,APIPUCOS,-8.020731,-34.935794,E,Ocasional/Ped.,1,
249,Av. do Forte,Rua Gomes Taborda,CORDEIRO,-8.053507,-34.928933,E,Veic.C/Ped.,1,
250,Av. João Cabral de Melo Neto,Rua Tenente Mindelo,SAN MARTIN,-8.075063,-34.930292,E/Git,Ocasional/Ped.,,
251,Av. 17 de Agosto,Rua Piaui,MONTEIRO,-8.029358,-34.925824,E,Ocasional/Ped.,1,
252,Rua Dom Manoel da Costa,Rua Padre Landim,TORRE,-8.047935,-34.912448,E,Ocasional/Ped.,1,
253,Av. Cons. Rosa e Silva,Rua Dr. José Maria,TAMARINEIRA,-8.034683,-34.902533,E/Git,Veicular,1,
254,Rua do Bom Pastor,Rua Comendador A. de Carvalho,ENGENHO DO MEIO,-8.041855,-34.938849,E,Veicular,1,
255,Cais da Alfândega,Em frente ao Shopping,MADALENA,-8.050040,-34.908300,E,Ocasional/Ped.,1,
256,Av. Norte Miguel Arraes de Alencar,Em frente a Mat. Barros Lima,CASA AMARELA,-8.020638,-34.923509,E/Git,Ocasional/Ped.,1,
257,Rua Benfica,Rua Real da Torre,MADALENA,-8.057092,-34.909243,E/Git,Ocasional/Ped.,1,
258,Av. Visconde de Jequitinhonha,Av Armindo Moura,BOA VIAGEM,-8.150556,-34.909229,E/Git,Veicular,1,
259,Av. Recife,Rua Senador Alberto Pasqualine,ESTÂNCIA,-8.079617,-34.933912,E/Git,Veicular,1,
260,Av. Sul,Rua Nova da Cabanga,CABANGA,-8.077861,-34.897881,E/Git,Veicular,1,
261,Av. Recife,Rua Nossa Senhora de Fátima,ESTÂNCIA,-8.082634,-34.932978,E/Git,Veic.C/Ped.Ocas.,1,
262,Av. Caxangá,Praça do Caxangá,VÁRZEA,-8.031780,-34.954910,E/Git,Veicular,1,
263,Av. Caxangá,Estação BRT Túnel da Abolição (Cid/Sub),MADALENA,-8.056430,-34.910090,E/Git,Ocasional/Ped.,1,
264,Av. Caxangá,Estação BRT Túnel da Abolição (Sub/Cid),MADALENA,-8.056584,-34.910117,E/Git,Ocasional/Ped.,1,
265,Av. Caxangá,Estação BRT Getulio Vargas (Cid/Sub),CORDEIRO,-8.050146,-34.921422,E/Git,Ocasional/Ped.,1,
266,Av. Caxangá,Estação BRT Getulio Vargas (Sub/Cid),CORDEIRO,-8.050299,-34.921551,E/Git,Pedestre,1,
267,Av. Caxangá,Estação BRT Forte do Arraial (Cid/Sub),CORDEIRO,-8.048130,-34.925055,E/Git,Ocasional/Ped.,1,
268,Av. Caxangá,Estação BRT Forte do Arraial (Sub/Cid),CORDEIRO,-8.048288,-34.925162,E/Git,Ocasional/Ped.,1,
269,Av. Caxangá,Estação BRT  BR 101 (Cid/Sub),IPUTINGA,-8.038388,-34.942657,E/Git,Ocasional/Ped.,1,
270,Av. Caxangá,Estação BRT  BR 101 (Sub/Cid),IPUTINGA,-8.038523,-34.942786,E/Git,Ocasional/Ped.,1,
271,Av. Abdias de Carvalho,Próximo a UPA - Torrões (Cid/Sub),TORRÕES,-8.063964,-34.935793,E/Git,Ocasional/Ped.,1,
272,Av. Abdias de Carvalho,Próximo a UPA - Torrões (Sub/Cid),TORRÕES,-8.064074,-34.935713,E/Git,Ocasional/Ped.,1,
273,Av. Caxangá,Estação BRT - Zumbi (Cid/Sub),ZUMBI,-8.053311,-34.915731,E/Git,Ocasional/Ped.,1,
274,Av. Caxangá,Estação BRT - Zumbi (Sub/Cid),ZUMBI,-8.053461,-34.915814,E/Git,Ocasional/Ped.,1,
275,Av. Caxangá,Estação BRT Parque do Cordeiro (Cid/Sub),CORDEIRO,-8.046260,-34.928452,E/Git,Ocasional/Ped.,1,
276,Av. Mascarenhas de Morais,Em frente a UPA da Imbiribeira CID/SUB,IMBIRIBEIRA,-8.120813,-34.914266,E/Git,Ocasional/Ped.,1,
277,Av. Antônio de Góis,Rua Miranda Falcão,PINA,-8.087743,-34.884504,E/Git,Pedestre,1,
278,Pça. da República,Rua do Imperador,SANTO ANTÔNIO,-8.061501,-34.877182,E,Ocasional/Ped.,1,
279,Av. Mascarenhas de Morais,Rua Álvaro Amorim,IMBIRIBEIRA,-8.086972,-34.907580,E/Git,Veic.C/Ped.Paral.,1,
280,Rua Tomás Gonzaga,Rua Profº.Estevão Fran. da Costa,CORDEIRO,-8.048433,-34.919173,E/Git,Veicular,1,
281,Av. Joaquim Ribeiro,Rua Ribeiro Pessoa,CAXANGÁ,-8.030013,-34.958002,E/Git,Veicular,1,
282,Rua Jerônimo Vilela,Rua Franklin Távora,CAMPO GRANDE,-8.028109,-34.882152,E,Veicular,1,
283,Estrada do Arraial,Rua Paula Batista,CASA AMARELA,-8.026721,-34.916176,E/Git,Veicular,1,
284,Av. Nossa Senhora do Carmo,Av. Dantas Barreto,SANTO ANTÔNIO,-8.065891,-34.879036,E/Git,Veic.C/Ped.,1,
285,Rua Falcão de Lacerda,Rua 15 de Novembro,TEJIPIÓ,-8.092065,-34.961480,E,Veicular,1,
286,Av. Mascarenhas de Morais,Rua Arquiteto Fernando Almeida,IMBIRIBEIRA,-8.088045,-34.907803,E/Git,Veicular,1,
287,Av. Mascarenhas de Morais,Rua Missionário Joel Carlson,IMBIRIBEIRA,-8.096481,-34.909728,E/Git,Veic.C/Ped.Ocas.,1,
288,Av. Mascarenhas de Morais,Rua Engº.Alves de Souza,IMBIRIBEIRA,-8.098453,-34.910102,E/Git,Veicular,1,
289,Av. Mascarenhas de Morais,Rua Dr. Tavares Correia,IMBIRIBEIRA,-8.115595,-34.913309,E/Git,Veic.C/Ped.Ocas.,1,
290,Av. Mascarenhas de Morais,Rua Jornalista Cleóphas de Oliveira,IMBIRIBEIRA,-8.116233,-34.913346,E/Git,Veicular,1,
291,Estrada do Arraial,Em frente ao Colégio Dom Bosco,CASA AMARELA,-8.028431,-34.910696,E/Git,Ocasional/Ped.,1,
292,Av. Rui Barbosa,Av. Dr. Malaquias,GRAÇAS,-8.039897,-34.904022,E/Git,Veicular,1,
293,Rua Pintor Antônio Albuquerque,Rua Hélio Brandão,VILA DO IPSEP,-8.107744,-34.925727,E/Git,Veicular,,
294,Rua Dom Bosco,Rua Henrique Dias,BOA VISTA,-8.058036,-34.894590,E/Git,Veicular,1,
295,Estrada do Arraial,Rua Desemb. Góis Cavalcante,TAMARINEIRA,-8.030112,-34.907056,E/Git,Ocasional/Ped.,1,
296,Av. Norte Miguel Arraes de Alencar,Rua Maria Candida,MACAXEIRA,-8.012567,-34.931804,E/Git,Veicular,1,
297,Av. Domingos Ferreira,Gilson M. Guimarães (antigo SUPERBOX),BOA VIAGEM,-8.105434,-34.889648,E/Git,Veic.C/Ped.Paral.,1,
298,Rua Ribeiro de Brito,Rua Visconde de Jequitinhonha,BOA VIAGEM,-8.122987,-34.903879,E/Git,Veicular,1,
299,Av. Conde da Boa Vista,Rua Osvaldo Cruz,BOA VISTA,-8.056664,-34.892671,E/Git,Veicular,1,
300,Rua São Miguel,Em frente à Esc. Amauri Medeiros,AFOGADOS,-8.080315,-34.908269,E/Git,Ocasional/Ped.,1,
301,Rua José Bonifácio,Rua Vitoriano Palhares,TORRE,-8.043492,-34.907912,E/Git,Veicular,1,
302,Rua Imperial,Em frente à Escola Joaquim Nabuco,SÃO JOSÉ,-8.074865,-34.891146,E/Git,Ocasional/Ped.,1,
303,Av. Domingos Ferreira,Rua Adeth Leite,BOA VIAGEM,-8.101935,-34.888044,E/Git,Veicular,1,
304,Rua Ernesto de Paula Santos,Rua Visconde de Jequitinhonha,BOA VIAGEM,-8.124081,-34.903819,E/Git,Veicular,1,
305,Av. Rui Barbosa,Rua Senador Alberto Paiva,GRAÇAS,-8.043981,-34.902188,E/Git,Veicular,1,
306,Estrada Velha de Água Fria,Rua Prof. José dos Anjos,ARRUDA,-8.026749,-34.897962,E,Veicular,1,
307,Av. Beberibe,Rua Cel. Urbano de Sena,ARRUDA,-8.015017,-34.890140,E,Veic.C/Ped.Ocas.,1,
308,Rua João Lira,Rua da Saudade,BOA VISTA,-8.056601,-34.879851,E/Git,Veicular,1,
309,Av. Conselheiro Rosa e Silva,Em frente ao Hospital do IPSEP,GRAÇAS,-8.048070,-34.896830,E/Git,Ocasional/Ped.,1,
310,Av. Mascarenhas de Morais,Em frente a UPA da Imbiribeira SUB/CID,IMBIRIBEIRA,-8.120907,-34.914121,E/Git,Veic.C/Ped.Ocas.,1,
311,Av. Sul,Praça Sérgio Loreto,SÃO JOSÉ,-8.073372,-34.885191,E/Git,Veicular,1,
312,Av. Norte Miguel Arraes de Alencar,Rua da Harmonia,CASA AMARELA,-8.023829,-34.912528,E/Git,Veicular,1,
313,Rua 21 de Abril,Em frente à Escola Antônio Farias,AFOGADOS,-8.072345,-34.925366,E,Ocasional/Ped.,1,
314,Av. Beberibe,Rua Expedicionário Inácio Gomes,BEBERIBE,-8.004794,-34.893625,E,Ocasional/Ped.,1,
315,Rua São Nicolau,Rua Abdias Cabral de Moura,IBURA,-8.107121,-34.928250,E/Git,Veicular,,
316,Av. Masc. de Morais,Ao lado Semáforo Nº 279,IMBIRIBEIRA,-8.087051,-34.907504,E/Git,Ocasional/Ped.,1,
317,Rua Souza Bandeira,Rua Marquês de Maricá,TORRE,-8.047588,-34.917384,E/Git,Veic.C/Ped.,1,
318,Av. Cons. Aguiar,Rua Cel. Sérgio Cardim,BOA VIAGEM,-8.130807,-34.901285,E/Git,Veicular,1,
319,Av. Recife,Av. Senador Robert Kennedy,VILA DA SUDENE,-8.119429,-34.920891,E/Git,Veicular,1,
320,Av. Sul,Ponte dos Afogados,AFOGADOS,-8.079511,-34.902473,E/Git,Veicular,1,
321,Rua Padre Carapuceiro,Av. Fernando Simões Barbosa,BOA VIAGEM,-8.117528,-34.900801,E/Git,Veicular,1,
322,Rua Dez de Julho,Em frente a Estação Metrô Aeroporto,IMBIRIBEIRA,-8.134524,-34.914772,E/Git,Ocasional/Ped.,1,
323,Av. Dois Rios,Próx. a Rua Fernando Tomaz da Silva,IBURA,-8.116596,-34.941130,E/Git,Veic.C/Ped.Ocas.,1,
324,Av. Domingos Ferreira,Rua Antônio Pedro Figueiredo,BOA VIAGEM,-8.099950,-34.887130,E/Git,Veicular,1,
325,Av. Dois Rios,Próx. a Rua Rio Pajeú,IBURA,-8.113534,-34.938989,E/Git,Ocasional/Ped.,1,
326,Av. Gal. San Martin,Rua Delmiro Gouveia,BONGI,-8.065287,-34.927227,E/Git,Veic.C/Ped.,1,
327,Av. Abdias de Carvalho,Em frente a Estácio - Sub/Cid.,PRADO,-8.062513,-34.917033,E,Ocasional/Ped.,1,
328,Av. Abdias de Carvalho,Em frente à FIR - Cid/Sub.,PRADO,-8.062363,-34.917038,E,Ocasional/Ped.,1,
329,Rua Ernesto de Paula Santos,Av. Fernando Simões Barbosa,BOA VIAGEM,-8.124460,-34.901516,E/Git,Veicular,1,
330,Rua Ernesto de Paula Santos,Rua Ten. Domingos de Brito,BOA VIAGEM,-8.124127,-34.905228,E/Git,Veicular,1,
331,Rua Ribeiro de Brito,Rua Ten. Domingos de Brito,BOA VIAGEM,-8.122961,-34.905213,E/Git,Veicular,1,
332,Rua Ribeiro de Brito,Av. Fernando Simões Barbosa,BOA VIAGEM,-8.123331,-34.901447,E/Git,Veicular,1,
333,Rua São Miguel,Rua Santos Araújo,AFOGADOS,-8.080316,-34.909456,E/Git,Veicular,1,
334,Rua 21 de Abril,Rua Cosme Viana,AFOGADOS,-8.076993,-34.909194,E/Git,Veic.C/Ped.,1,
335,Av. Fernando Simões Barbosa,Rua Bruno Veloso,BOA VIAGEM,-8.121371,-34.901309,E/Git,Veicular,1,
336,Av. Recife,Em frente ao Hospital Geral de Areias,CAÇOTE,-8.100611,-34.928171,E/Git,Ocasional/Ped.,1,
337,Av. Recife,Em frente ao antigo BOMPREÇO,IPSEP,-8.112517,-34.926508,E/Git,Ocasional/Ped.,1,
338,Av. Domingos Ferreira,Rua Bruno Veloso,BOA VIAGEM,-8.121631,-34.899050,E/Git,Veicular,1,
339,Av. João de Barros,Próximo a Rua Marquês do Paraná,ESPINHEIRO,-8.042850,-34.890702,E/Git,Ocasional/Ped.,1,
340,Cais do Apolo,Em frente à Prefeitura do Recife,BAIRRO DO RECIFE,-8.054344,-34.871957,E/Git,Ocasional/Ped.,1,
341,Rua Jerônimo Vilela,Rua Marquês de Baiapendi,CAMPO GRANDE,-8.025460,-34.882737,E,Veic.C/Ped.Ocas.,1,
342,Rua Cônego Barata,Em frente a APAE,TAMARINEIRA,-8.032080,-34.902660,E/Git,Ocasional/Ped.,1,
343,Av. Cruz Cabugá,Av. Jaime da Fonte,SANTO AMARO,-8.044646,-34.874888,E/Git,Veicular,1,
344,Av. Cruz Cabugá,Beco do Tramways,SANTO AMARO,-8.043294,-34.873933,E/Git,Veicular,1,
345,Av. 17 de Agosto,Rua Lemos Torres,CASA FORTE,-8.036480,-34.913910,E/Git,Veic.C/Ped.Ocas.,1,
346,Av. 17 de Agosto,Rua Leonardo Cavalcanti,CASA FORTE,-8.037138,-34.914591,E/Git,Veicular,1,
347,Rua Cônego Barata,Em frente ao Hospital Ulisses Pernambucano,TAMARINEIRA,-8.032199,-34.902509,E/Git,Ocasional/Ped.,1,
348,Rua Carlos Gomes,Rua Gomes Taborda,PRADO,-8.059004,-34.911957,E/Git,Veicular,1,
349,Av. Gov. Agamenon Magalhães,Em frente ao Real Hosp. Português (Principal),PAISSANDU,-8.063700,-34.897595,E/Git,Ocasional/Ped.,1,
350,Av. Gov. Agamenon Magalhães,Em frente ao Real Hosp. Português (local),PAISSANDU,-8.063725,-34.897695,E/Git,Ocasional/Ped.,1,
351,Av. Dois Rios,Rua Rio Xingú,DOIS RIOS,-8.117766,-34.941927,E/Git,Veicular,1,
352,Rua Imperial,Rua Cabo Eutrópio,CABANGA,-8.077527,-34.899322,E,Veic.C/Ped.Paral.,1,
353,Rua José Gonçalves de Medeiros,Estrada dos Remédios,BENFICA,-8.058948,-34.907222,E/Git,Veicular,1,
354,Av. Abdias de Carvalho,Rua Santa Edwirgens,PRADO,-8.062577,-34.911677,E/Git,Veicular,1,
355,Av. Abdias de Carvalho,Rua Tabaiares(Girador do Sport),ILHA DO RETIRO,-8.061118,-34.904854,E/Git,Veicular,1,
356,Av. João de Barros,Av. Visconde de Suassuna,BOA VISTA,-8.050213,-34.889948,E,Veicular,1,
357,Rua Odorico Mendes,Rua Prof. Francisco Trindade,CAMPO GRANDE,-8.035389,-34.880524,E,Veicular,1,
358,Praça Parnamirim,Estrada do Encanamento,CASA FORTE,-8.033040,-34.910404,E/Git,Veicular,1,
359,Rua dos Coelhos,Em frente ao IMIP,COELHOS,-8.066612,-34.889726,E,Ocasional/Ped.,1,
360,Rua Alberto Paiva,Rua Antônio Novaes,GRAÇAS,-8.043870,-34.900388,E/Git,Veicular,1,
361,Rua da Hora ,Rua Amélia(J. L. Silveira),ESPINHEIRO,-8.046217,-34.894335,E/Git,Veicular,1,
362,Rua Regueira Costa,Rua Dr. José Maria,ROSARINHO,-8.035400,-34.898450,E/Git,Veicular,1,
363,Rua das Moças,Rua Constância,ARRUDA,-8.016591,-34.883967,E,Veicular,1,
364,Av. Norte Miguel Arraes de Alencar,Rua Prof. José dos Anjos,MANGABEIRA,-8.026245,-34.905490,E/Git,Veicular,1,
365,Av. João de Barros,Rua Joaquim Felipe,BOA VISTA,-8.053189,-34.889967,E,Veicular,1,
366,Av. Cons. Aguiar,Rua França Pereira,BOA VIAGEM,-8.106144,-34.889082,E/Git,Ocasional/Ped.,1,
367,Rua Sport Club do Recife,Rua José Múcio Monteiro,ILHA DO RETIRO,-8.061485,-34.902625,E/Git,Veic.C/Ped.Paral.,1,
368,Av. Joaquim Ribeiro,Rua Francisco Torres,VÁRZEA,-8.030295,-34.957363,E/Git,Veicular,1,
369,Rua Padre Lemos,Em frente aos CORREIOS,CASA AMARELA,-8.022337,-34.919695,E,Ocasional/Ped.,1,
370,Av. 17 de Agosto,Praça do Monteiro,MONTEIRO,-8.027749,-34.928219,E/Git,Ocasional/Ped.,1,
371,Av. Gal. San Martin,Próximo a Rua Sigismundo Cabral de Melo,SAN MARTIN,-8.073416,-34.929589,E,Ocasional/Ped.,1,
372,Av. 17 de Agosto,Praça de Casa Forte ,CASA FORTE,-8.035731,-34.920195,E/Git,Veic.C/Ped.Ocas.,1,
373,Rua Estado de Israel,Rua Dr. João Ásfora,ILHA DO LEITE,-8.063488,-34.894867,E/Git,Veicular,1,
374,Av. Professor Luiz Freire,Em frente à CEFET,CIDADE UNIVERSITÁRIA,-8.058509,-34.949579,E,Ocasional/Ped.,1,
375,Av. Abdias de Carvalho,Av. do Forte,TORRÕES,-8.062545,-34.932194,E/Git,Veic.C/Ped.,1,
376,Av. Norte Miguel Arraes de Alencar,Rua Guadalupe,TORREÃO,-8.040395,-34.886885,E/Git,Veicular,1,
377,Rua Marechal Deodoro,Rua Castro Alves,TORREÃO,-8.039653,-34.887309,E/Git,Veicular,1,
378,Av. Gov. Agamenon Magalhães,Em frente ao Nº 674, (Sentido Olinda),SANTO AMARO,-8.041235,-34.881592,E/Git,1,
379,Av. Gov. Agamenon Magalhães,Em frente ao Ed.Visgueiro Nº1330,TORREÃO,-8.040896,-34.881825,E/Git,Ocasional/Ped.,1,
380,Av. Domingos Ferreira,Rua Artur Muniz,BOA VIAGEM,-8.104002,-34.888953,E/Git,Veicular,1,
381,Av. Dantas Barreto,Rua Tobias Barreto(Pista Leste),SANTO ANTÔNIO,-8.067750,-34.880055,E/Git,Ocasional/Ped.,1,
382,Av. Dantas Barreto,Rua Tobias Barreto,SANTO ANTÔNIO,-8.067598,-34.880289,E/Git,Veicular,1,
383,Cais de Santa Rita,Av. Martins de Barros,SÃO JOSÉ,-8.067341,-34.875618,E/Git,Veicular,1,
384,Av. Dantas Barreto,Rua Passo da Pátria(Central),SANTO ANTÔNIO,-8.069285,-34.881638,E/Git,Ocasional/Ped.,1,
385,Av. Mascarenhas de Morais,Rua Muritiba,IMBIRIBEIRA,-8.112542,-34.912620,E/Git,Veicular,1,
386,Av. Mascarenhas de Morais,Rua Itacaré,IMBIRIBEIRA,-8.111426,-34.912393,E/Git,Veic.C/Ped.Ocas.,1,
387,Av. Beira Rio,Rua José Osório,MADALENA,-8.053042,-34.904730,E/Git,Veic.C/Ped.,1,
388,Av. Beberibe,Av. Cidade do Monteiro,CAJUEIRO,-8.009337,-34.889131,E,Veicular,1,
389,Av. 17 de Agosto,Em frente ao C.P.O.R.,SANTANA,-8.037942,-34.918009,E/Git,Veic.c/Ped.Ocas.,1,
390,Estrada dos Remédios,Rua Tabaiares,ILHA DO RETIRO,-8.065242,-34.908034,E/Git,Veic.C/Ped.Paral.,1,
391,Rua São Miguel,Em frente ao Nº 685,AFOGADOS,-8.080499,-34.912906,E,Ocasional/Ped.,1,
392,Rua São Miguel,Rua do Troley,JIQUIÁ,-8.080911,-34.919408,E,Ocasional/Ped.,1,
393,Av. Recife,Rua Gonçalves Magalhães,VILA DA SUDENE,-8.120308,-34.919456,E/Git,Veicular,1,
394,Estrada Velha do Bongi ,Estrada dos Remédios,BONGI,-8.068958,-34.908466,E,Veic.C/Ped.Paral.,1,
395,Rua Lindolfo Collor,Rua Antônio Curado,ENGENHO DO MEIO,-8.052412,-34.941340,E,Veicular,1,
396,Rua Olívia Menelau,Av. Mascarenhas de Morais,IMBIRIBEIRA,-8.091147,-34.908513,E/Git,Veicular,1,
397,Av. Norte Miguel Arraes de Alencar,Em frente ao Nº 886,SANTO AMARO,-8.044930,-34.880372,E/Git,Ocasional/Ped.,1,
398,Av. Beberibe,Em frente ao Nº 4510,BEBERIBE,-8.004059,-34.897083,E,Ocasional/Ped.,1,
399,Rua Arquiteto Luis Nunes,Rua Álvaro Amorim,IMBIRIBEIRA,-8.086460,-34.909649,E/Git,Ocasional/Ped.,1,
400,Av. Desembargador José Neves,Entrada do Túnel Augusto Lucena sent C/S,BOA VIAGEM,-8.121305,-34.909783,E/DIG,Ocasional/Ped.,,
401,Rua Dom Bosco,Em frente ao Batalhão da Rádio Patrulha,BOA VISTA,-8.057437,-34.894809,E/Git,Ocasional/Ped.,1,
402,Av. Gal.Mac. Arthur,Rua Jorge de Lima,IMBIRIBEIRA,-8.109790,-34.907568,E/Git,Ocasional/Ped.,1,
403,Av. Gal.San Martin,Em frente aos CORREIOS,CORDEIRO,-8.058427,-34.925094,E,Ocasional/Ped.,1,
404,Estrada do Arraial,Rua Padre Lemos,CASA AMARELA,-8.026759,-34.917731,E/Git,Veic.c/Ped.Ocas.,1,
405,Av. Beberibe,Rua Júlio Ramos,ÁGUA FRIA,-8.019664,-34.894550,E,Veic.c/Ped.Ocas.,1,
406,Rua do Futuro,Em frente ao Parque da Jaqueira,SANTO AMARO,-8.04561,-34.88999,E/Git,Ocasional/Ped.,1,
407,Rua Barão de Souza Leão,Em frente ao Colégio Santos Dumont,BOA VIAGEM,-8.132167,-34.907281,E/Git,Ocasional/Ped.,1,
408,Rua da Concórdia,Praça Sérgio Loreto,SÃO JOSÉ,-8.071999,-34.884642,E/Git,Veicular,1,
409,Rua Conde de Irajá,Praça da Torre,TORRE,-8.047001,-34.913636,E,Ocasional/Ped.,1,
410,Av. 17 de Agosto,Em frente ao Colégio Mater Christi,CASA FORTE,-8.032824,-34.923126,E,Ocasional/Ped.,1,
411,Rua Falcão de Lacerda,Em frente ao Colégio Barão de Rio Branco,TEJIPIÓ,-8.091702,-34.960211,E,Ocasional/Ped.,1,
412,Av. João de Barros,Rua Dom Vital,SANTO AMARO,-8.046496,-34.889856,E,Ocasional/Ped.,1,
413,Av. Visconde de Albuquerque,Em frente ao Hospial D'Ávila,MADALENA,-8.052039,-34.906643,E/Git,Ocasional/Ped.,1,
414,Rua Imperial,Em frente ao Nº 363,SÃO JOSÉ,-8.071947,-34.882129,E/Git,Pedestre,1,
415,Av. 17 de Agosto,Rua Virgínia Loreto,PARNAMIRIM,-8.034731,-34.911633,E/Git,Ocasional/Ped.,1,
416,Av. Dois Irmãos,BR-101,DOIS IRMÃOS,-8.016837,-34.940941,E/Git,Veicular,1,
417,Av. Gov. Agamenon Magalhães,Praça do Derby (pista Sul),DERBY,-8.057480,-34.898221,E/Git,Veicular,1,
418,Praça do Derby (pista Sul),Rua Jenner de Souza,DERBY,-8.057518,-34.900070,E/Git,Veicular,1,
419,Av. Conselheiro Aguiar,Rua Barão de Souza Leão,BOA VIAGEM,-8.132069,-34.901564,E/Git,Veicular,1,
420,Rua Capitão Zuzinha,Rua Sá e Souza,SETÚBAL,-8.134801,-34.906262,E/GIt,Veicular,1,
421,Estrada do Arraial,Rua Sebastião Alves,VILA DOS COMERCIÁRIOS,-8.031005,-34.905445,E/Git,Veic.C/Ped.Paral.,1,
422,Av. Abdias de Carvalho,Rua 15 de Março,TORRÕES,-8.061639,-34.930046,E/Git,Veicular,1,
423,Rua São Miguel,Rua Odilon Tucuman,AFOGADOS,-8.080699,-34.914588,E,Ocasional/Ped.,1,
424,Av. Norte Miguel Arraes de Alencar,Rua Bujarú,ALTO DO MANDÚ,-8.018246,-34.928354,E,Ocasional/Ped.,1,
425,Rua São Miguel,Em frente ao Nº 1808,JIQUIÁ,-8.081843,-34.922850,E,Ocasional/Ped.,1,
426,Rua Cosme Viana,Rua Doutor Adelino,AFOGADOS,-8.075838,-34.909021,E/Git,Veicular,1,
427,Rua Treze de Maio,Rua Pedro Afonso,SANTO AMARO,-8.049454,-34.881627,E/Git,Veicular,,
428,Rua 13 de Maio,Av. Da Saudade,SANTO AMARO,-8.051091,-34.882771,E/Git,Veicular,1,
429,Rua da Aurora,Rua Mamede Simões,BOA VISTA,-8.058434,-34.879286,E,Ocasional/Ped.,1,
430,Rua Cosme Viana,Rua Cel.Alfredo Duarte,BONGI,-8.071477,-34.909389,E/Git,Veicular,1,
431,Rua Alegre,Rua Zeferino Agra,ÁGUA FRIA,-8.021129,-34.893056,E,Ocasional/Ped.,1,
432,Rua Guilherme Pinto,Em frente ao Instituto dos Cegos,GRAÇAS,-8.052197,-34.902136,E/Git,Ocasional/Ped.,1,
433,Av. Visconde de Jequitinhonha,Rua Capitão Zuzinha,BOA VIAGEM,-8.133035,-34.902852,E/Git,Veicular,1,
434,Av. Dr. José Rufino,Rua do Sancho,SANCHO,-8.090909,-34.957331,E/Git,Veic.C/Ped.Ocas.,1,
435,Rua da Harmonia,Estrada do Encanamento,CASA FORTE,-8.031533,-34.915277,E/Git,Veicular,1,
436,Cais do Apolo,Av. Militar,BAIRRO DO RECIFE,-8.053540,-34.871839,E/Git,Veicular,1,
437,Rua 10 de Julho,Av. Dom João VI (canal do Jordão),BOA VIAGEM,-8.135802,-34.908452,E/Git,Veicular,1,
438,Av. Boa Viagem,Próximo à Rua Verdes Mares,BOA VIAGEM,-8.135429,-34.901386,E/Git,Ocasional/Ped.,1,
439,Av. Mascarenhas de Morais,Em Frente ao Nº 2727,IMBIRIBEIRA,-8.106415,-34.911255,E/Git,Ocasional/Ped.,1,
440,Av. Liberdade,Rua Juvêncio Marques da Cunha,TOTÓ,-8.081032,-34.968542,E/Git,Veic.C/Ped.Ocas.,1,
441,Av. Armindo Moura,Rua Cosmorama,PORTA LARGA,-8.148718,-34.914016,E/Git,Veicular,1,
442,Rua Sgt. Silvino Macedo,Rua Antônio Torres Galvão,IMBIRIBEIRA,-8.112050,-34.906685,E/Git,Veicular,1,
443,Av. Visconde de Jequitinhonha,Rua Charles Darwin,BOA VIAGEM,-8.130714,-34.902615,E/Git,Ocasional/Ped.,1,
444,Av. Domingos Ferreira,Rua Cel. Sérgio Cardim,BOA VIAGEM,-8.130575,-34.902075,E/Git,Ocasional/Ped.,1,
445,Av. Boa Viagem,Rua Zael Diógenes,BOA VIAGEM,-8.139063,-34.902598,E/Git,Veic.C/Ped.Paral.,1,
446,Estrada do Arraial,Em frenteao nº 2926 (Instituto Ariano Suassuna),CASA AMARELA,-8.029410,-34.908300,E/Git,Ocasional/Ped.,1,
447,Rua Uriel de Holanda,Av. Hildebrando Vasconcelos,BEBERIBE,-8.004139,-34.899555,E,Veic.C/Ped.Ocas.,1,
448,Rua Souza Bandeira,Rua Tomaz Gonzaga,CORDEIRO,-8.048884,-34.917864,E/Git,Veicular,1,
449,Rua Jean Emile Favre,Rua Itacari,IPSEP,-8.107902,-34.915933,E,Veicular,1,
450,Rua Pampulha,Rua Izabel de Souza,IMBIRIBEIRA,-8.109840,-34.912939,E/Git,Veicular,1,
451,Av. Norte Miguel Arraes de Alencar,Rua Tijucal,MACAXEIRA,-8.013432,-34.931481,E/Git,Veicular,1,
452,Av. Rui Barbosa,Em frente ao Parque da Jaqueira,JAQUEIRA,-8.037930,-34.905533,E/Git,Ocasional/Ped.,1,
453,Cais do Apolo,Em frente ao Tribunal Regional Federal,RECIFE ANTIGO,-8.058771,-34.872580,E/Git,Ocasional/Ped.,1,
454,Cais do Apolo,Em frente a Praça Tiradentes ,BAIRRO DO RECIFE,-8.058860,-34.872457,E/Git,Ocasional/Ped.,1,
455,Av.Cruz Cabugá,Em frente a Praça Abreu e Lima,SANTO AMARO,-8.046964,-34.876507,E/Git,Veic.C/Ped.Ocas.,1,
456,Av. Norte Miguel Arraes de Alencar,Rua Salvador de Sá,ROSARINHO,-8.031505,-34.898032,E/Git,Veic.C/Ped.Ocas.,1,
457,Av. Cruz Cabugá,Rua Araripina,SANTO AMARO,-8.050455,-34.879040,E,Ocasional/Ped.,1,
458,Estrada de Belém,Rua Gonçalves Dias,CAMPO GRANDE,-8.032065,-34.877881,E,Veic.C/Ped.,1,
459,Av. Conselheiro Rosa e Silva,Rua Conselheiro Portela,ESPINHEIRO,-8.043634,-34.897365,E/Git,Veic.C/Ped.Paral.,1,
460,Av. Parnamirim,Rua Leonardo Bezerra Cavalcante,JAQUEIRA,-8.035814,-34.906837,E/Git,Veic.C/Ped.Paral.,1,
461,Av. Recife,Próximo ao Supermercado Makro,VILA TAMANDARÉ,-8.088813,-34.929836,E/Git,Ocasional/Ped.,1,
462,Estrada do Encanamento,Rua Ferreira Lopes,PARNAMIRIM,-8.032263,-34.912967,E/Git,Veicular,1,
463,Av. Norte Miguel Arraes de Alencar,Rua Vinte e Quatro de Agosto,SANTO AMARO,-8.049120,-34.874913,E/Git,Veicular,,
464,Rua Conselheiro Portela,Rua Barão de Itamaracá,ESPINHEIRO,-8.042562,-34.894676,E/Git,Veicular,1,
465,Av. Gov. Agamenon Magalhães,Em frente à Reitoria da FESP/UPE,SANTO AMARO,-8.043816,-34.887198,E/Git,Ocasional/Ped.,1,
466,Rua do Príncipe,Em frente ao Hospital Geral do Recife,BOA VISTA,-8.057845,-34.883644,E/Git,Pedestre,1,
467,Rua Barão de Vitória,Em frente a Estação Central RFFSA,SANTO ANTÔNIO,-8.066941,-34.883257,E,Pedestre,1,
468,Av. Cruz Cabugá,Ao lado do Shopping Tacaruna,SANTO AMARO,-8.039662,-34.871386,E/Git,Ocasional/Ped.,1,
469,Av. 17 de Agosto,Rua Jader de Andrade,CASA FORTE,-8.033854,-34.922021,E/Git,Veicular,1,
470,Av. Cruz Cabugá,Em frente ao Nº 1920 (Sent. Olinda),SANTO AMARO,-8.039706,-34.871276,E/Git,Ocasional/Ped.,1,
471,Av. Masc. de Morais,Rua João Fontes,IMBIRIBEIRA,-8.125187,-34.914922,E/Git,Veicular,1,
472,Rua das Moças,Rua da Regeneração,FUNDÃO,-8.021438,-34.886511,E,Veicular,1,
473,Ponte 12 de Setembro,Cais de Santa Rita,SANTO ANTÔNIO,-8.068208,-34.874704,E/Git,Veicular,1,
474,Av. Cruz Cabugá,Em frente ao Hospital do Câncer,SANTO AMARO,-8.042124,-34.873114,E/Git,Ocasional/Ped.,1,
475,Av. Dois Rios,Rua Rio Chuí,IBURA,-8.115407,-34.940297,E/Git,Ocasional/Ped.,1,
476,Rua Barão de Souza Leão,Rua Desembargador José Neves,BOA VIAGEM,-8.132819,-34.911010,E/GIt,Veicular,1,
477,Rua Madre de Deus,Av. Alfredo Lisboa,RECIFE ANTIGO,-8.066185,-34.873324,E/Git,Veicular,1,
478,Rua Cosmorama,Rua João Cardoso Aires,SETÚBAL,-8.141132,-34.911158,E/Git,Veicular,1,
479,Av. Cruz Cabugá,Rua F. Barreto,SANTO AMARO,-8.042155,-34.873047,E/Git,Ocasional/Ped.,1,
480,Av. Beberibe,Em frente ao Nº 621,ENCRUZILHADA,-8.031910,-34.892000,E/Git,Ocasional/Ped.,1,
481,Rua Sport Club do Recife,Rua Prof.Benedito Monteiro,ILHA DO RETIRO,-8.061132,-34.904010,E/Git,Veic.C/Ped.Ocas.,1,
482,Av. Do Forte,Em frente a Praça do Forte,CORDEIRO,-8.058380,-34.931269,E,Ocasional/Ped.,1,
483,Av. Boa Viagem,Rua Vicente Gomes,BOA VIAGEM,-8.133277,-34.900494,E/Git,Veic.C/Ped.Paral.,1,
484,Av. Domingos Ferreira,Rua Henrique Capitulino,BOA VIAGEM,-8.109199,-34.891495,E/Git,Ocasional/Ped.,1,
485,Rua Leonardo Cavalcante,Rua Igarassu,CASA FORTE,-8.037736,-34.911764,E,Veicular,1,
486,Av. Conde da Boa Vista,Rua Sete de Setembro,BOA VISTA,-8.061073,-34.883421,E/Git,Ocasional/Ped.,1,
487,Rua José Bonifácio,Rua Marcos André,TORRE,-8.041003,-34.908696,E/Git,Veicular,1,
488,Praça da República,Em frente ao Palácio das Princesas,SANTO ANTÔNIO,-8.060398,-34.877658,E,Ocasional/Ped.,1,
489,Av. Caxangá,Rua José Osório,ZUMBI,-8.054367,-34.913983,E/Git,Veicular,1,
490,Av. Frei Matias Teves,Rua Francisco Alves,ILHA DO LEITE,-8.066542,-34.895424,E/Git,Veic.C/Ped.Ocas.,1,
491,Av. Dr. José Rufino,Em frente à Igreja de Santa Luzia,AREIAS,-8.086622,-34.930909,E,Ocasional/Ped.,1,
492,Av. Beberibe,Rua Ramiz Galvão,ARRUDA,-8.025192,-34.893494,E/Git,Veic.C/Ped.Ocas.,1,
493,Rua Arquiteto Luiz Nunes,Em frente ao Nº 551,IMBIRIBEIRA,-8.088835,-34.910229,E/Git,Ocasional/Ped.,1,
494,Av. Recife,Rua Gregório Caldas,VILA CARDEAL SILVA,-8.096045,-34.928796,E/Git,Veic.C/Ped.Ocas.,1,
495,Rua Mem de Sá,Rua Prof. Jerônimo Gueiros,ARRUDA,-8.029678,-34.889778,E,Veicular,1,
496,Rua Ribeiro de Brito,Rua Agenor Lopes,BOA VIAGEM,-8.122962,-34.905851,E/Git,Veicular,1,
497,Av. Dr. José Rufino,Em frente a Estação do Metrô,SANCHO,-8.090773,-34.956702,E/Git,Ocasional/Ped.,1,
498,Rua Joaquim Nabuco,Rua Guilherme Pinto,DERBY,-8.052791,-34.902218,E/Git,Veicular,1,
499,Rua Cosme Viana,Rua Pe. Teófilo Twortz,PRADO,-8.064945,-34.909022,E,Veic.c/Ped.Ocas.,1,
500,Av. Dois Irmãos,Rua Mandacaru,APIPUCOS,-8.021975,-34.931659,E,Veicular,1,
501,Av. Mascarenhas de Morais,Proxímo a Estrada dos Frigoríficos,,IMBIRIBEIRA,-8.103560,-34.910724,E/Git,Ocasional/Ped.,1
502,Av. Mascarenhas de Morais,Rua Itália,IMBIRIBEIRA,-8.103214,-34.910852,E/Git,Ocasional/Ped.,1,
503,Rua João Ivo da Silva,Próx. a Rua Teófilo Twortz,PRADO,-8.065091,-34.909180,E,Ocasional/Ped.,1,
504,Estrada de Belém,Rua Fonseca de Oliveira,CAMPO GRANDE,-8.033870,-34.885821,E,Veic.c/Ped.Ocas.,1,
505,Rua São Nicolau,Rua Hélio Brandão,IPSEP,-8.106765,-34.925860,E/Git,Veicular,1,
506,Av. Dr. José Rufino,Próximo ao SENAI,AREIAS,-8.089689,-34.933992,E,Ocasional/Ped.,1,
507,Av. São Paulo,Rua Leandro Barreto,JARDIM SÃO PAULO,-8.079773,-34.940728,E/Git,Veic.C/Ped.Paral.,1,
508,Rua Francisco Alves,Praça Miguel de Cervante,ILHA DO LEITE,-8.067278,-34.893830,E,Veicular,1,
509,Av. Sul,Rua Padre José de Sá Leitão,SÃO JOSÉ,-8.075179,-34.889954,E/Git,Veicular,1,
510,Rua Imperial,Travessa do Raposo,SÃO JOSÉ,-8.074596,-34.890171,E/Git,Veicular,1,
511,Rua Imperial,Travessa do Azevedo,SÃO JOSÉ,-8.074426,-34.889726,E/Git,Veicular,1,
512,Av. Rio Largo,Av. Doze de Junho,IBURA,-8.112915,-34.953042,E/Git,Veic.C/Ped.Ocas.,1,
513,Rua Conselheiro Teodoro,Rua Tomás Gonzaga,CORDEIRO,-8.049306,-34.915263,E,Veic.C/Ped.Ocas.,1,
514,Av. Beberibe,Em frente ao Nº 4277,PORTO DA MADEIRA,-8.004510,-34.895100,E,Ocasional/Ped.,1,
515,Rua Benfica,Praça Euclides da Cunha,MADALENA,-8.058326,-34.904122,E/Git,Veicular,1,
516,Praça do Derby,Estação BRT Derby (Sub/Cid),DERBY,-8.056757,-34.899417,E/Git,Ocasional/Ped.,1,
517,Av. Beberibe,Em frente ao Instituto Sto. Amaro,PORTO DA MADEIRA,-8.007460,-34.890337,E,Ocasional/Ped.,1,
518,Av. Dois Rios,Rua Jornalista Edson Regis,IBURA,-8.109113,-34.935269,E/Git,Veicular,1,
519,Rua Prof. Eduardo Wanderley Filho,Em frente ao Nº 110,AFOGADOS,-8.082546,-34.907681,E,Ocasional/Ped.,1,
520,Rua Acadêmico Hélio Ramos,Rua Amaro Poroca,CIDADE UNIVERSITÁRIA,-8.049597,-34.954629,E,Veic.c/Ped.Ocas.,1,
521,Rua Conselheiro Portela,Rua do Futuro,GRAÇAS,-8.043868,-34.898305,E/Git,Veicular,1,
522,Av. Coselheiro Rosa e Silva,Rua Antenor Navarro,ROSARINHO,-8.036899,-34.901582,E/Git,Veic.C/Ped.Paral.,1,
523,Av. Cruz Cabugá,Em frente ao Nº 212,SANTO AMARO,-8.052469,-34.880509,E,Ocasional/Ped.,1,
524,Estrada dos Remédios,Rua Inconfidentes,BONGI,-8.070979,-34.908135,E,Ocasional/Ped.,1,
525,Rua Cosme Viana,Rua 3 de Agosto,BONGI,-8.074565,-34.908909,E/Git,Veicular,1,
526,Rua Álvares de Azevedo,Rua dos Palmares ,SANTO AMARO,-8.048964,-34.887773,E,Veicular,1,
527,Rua Jean Emile Favre,Rua Francisco Barreto,IPSEP,-8.111191,-34.919728,E,Veic.C/Ped.,1,
528,Rua Paz,Rua João Carlos Guimarães,AFOGADOS,-8.080049,-34.905238,E/Git,Ocasional/Ped.,1,
529,Av. Armindo Moura,Ernesto de Souza Leão Rua,BOA VIAGEM,-8.149344,-34.912376,E/GIt,Ocasional/Ped.,1,
530,Av. Mascarenhas de Morais,Em Frente a UNIBRATEC,IMBIRIBEIRA,-8.127410,-34.915300,E/Git,Ocasional/Ped.,1,
531,Av. Mascarenhas de Morais,Av. Recife,IMBIRIBEIRA,-8.127376,-34.915543,E/Git,Ocasional/Ped.,1,
532,Av. Mascarenhas de Morais,Rua Dr. Waldir Pessoa,IMBIRIBEIRA,-8.090385,-34.908351,E/Git,Veicular,1,
533,Av. Caxangá,Estrada do Barbalho,IPUTINGA,-8.039323,-34.941192,E/Git,Veicular,1,
534,Av. Mascarenhas de Morais,Rua Pampulha,IMBIRIBEIRA,-8.110056,-34.912126,E/Git,Veicular,1,
535,Av. Apipucos,Proxímo Colégio Candido Duarte,APIPUCOS,-8.020359,-34.939602,E,Ocasional/Ped.,1,
536,Rua da Regeneração,Rua do Machado,FUNDÃO,-8.020558,-34.888830,E,Veicular,1,
537,Rua Arquiteto Luiz Nunes,Av. Pinheiros,IMBIRIBEIRA,-8.090983,-34.910663,E/Git,Veic.C/Ped.Ocas.,1,
538,Av. Antônio de Góis,Rua José Mariano Filho,PINA,-8.087182,-34.884907,E/Git,Veic.C/Ped.Paral.,1,
539,Av. Dr. José Rufino,Rua Dorotéia Vieira,BARRO,-8.093115,-34.943245,E,Ocasional/Ped.,1,
540,Av. Apipucos,Rua Cel.João Batista R. Barros,APIPUCOS,-8.021102,-34.934164,E,Veicular,1,
541,Rua Prof. Joaquim Xavier de Brito,Rua Miguel Vieira,CORDEIRO,-8.051118,-34.934989,E,Veicular,1,
542,Rua Padre Carapuceiro,Ent. do Hiper Bompreço,BOA VIAGEM,-8.116810,-34.902200,E/Git,Ocasional/Ped.,1,
543,Av. D. João VI( Canal do Jordão ),Rua Antônio Torres Galvão,BOA VIAGEM,-8.114238,-34.902683,E/Git,Veicular,1,
544,Rua Félix de Brito,Av. Prof. João Medeiros,BOA VIAGEM,-8.115377,-34.900496,E/Git,Veicular,1,
545,Av. Domingos Ferreira,Rua Félix de Brito,BOA VIAGEM,-8.117400,-34.896473,E/Git,Veicular,1,
546,Av. Cons. Aguiar,Rua Félix de Brito,BOA VIAGEM,-8.117851,-34.895593,E/Git,Veicular,1,
547,Av. Boa Viagem,Rua Félix de Brito,BOA VIAGEM,-8.118568,-34.894059,E/Git,Veic.C/Ped.Paral.,1,
548,Av.Boa Viagem,Rua Padre Bernardino Pessoa,BOA VIAGEM,-8.115285,-34.892210,E/Git,Veic.C/Ped.Paral.,1,
549,Av. Cons. Aguiar,Rua Prof. José Brandão,BOA VIAGEM,-8.112921,-34.892678,E/Git,Veicular,1,
550,Av. Domingos Ferreira,Rua Prof. José Brandão,BOA VIAGEM,-8.112446,-34.893509,E/Git,Veicular,1,
551,Rua Félix de Brito,Rua Francisco da Cunha,BOA VIAGEM,-8.116791,-34.897679,E/Git,Veicular,1,
552,Praça do Derby,Estação BRT Derby,DERBY,-8.056667,-34.899444,E/Git,Ocasional/Ped.,1,
553,Rua Augusto Calheiros,Rua Emília Torreão,AFOGADOS,-8.081860,-34.908968,E/Git,Ocasional/Ped.,1,
554,Rua Petronila V. Botelho,Av. Prof. José dos Anjos,ARRUDA,-8.027809,-34.889798,E,Veicular,1,
555,Av. Boa Viagem,Rua Antônio Falcão,BOA VIAGEM,-8.116989,-34.893167,E/Git,Ocasional/Ped.,1,
556,Rua Cosmorama,Rua Baltazar Passos,SETÚBAL,-8.142032,-34.911491,E/Git,Veicular,1,
557,Av. Dr. José Rufino,Rua Dr. Vilas Boas,BARRO,-8.092282,-34.937677,E,Veic.C/Ped.Ocas.,1,
558,Rua Gomes Taborda,Em frente a Esc. Comun.Coração Infantil,CORDEIRO,-8.056410,-34.920600,E,Ocasional/Ped.,1,
559,Av. Beberibe,Rua Côrtes,PORTO DA MADEIRA,-8.006012,-34.892094,E,Ocasional/Ped.,1,
560,Rua Arquiteto Luiz Nunes,Em Frente Escola Pinheiros,AFOGADOS,-8.090085,-34.910495,E/Git,Ocasional/Ped.,1,
561,Av. Dois Rios,Rua Pintor Agenor Albuquerque,IBURA,-8.110539,-34.936994,E/Git,Veic.C/Ped.Ocas.,1,
562,Av. Rui Barbosa,Rua das Graças,GRAÇAS,-8.047071,-34.900733,E/Git,Ocasional/Ped.,1,
563,Av. Luis Correia de Brito,Av. Prof. José dos Anjos,CAMPO GRANDE,-8.020518,-34.873489,E/Git,Veicular,1,
564,Rua Jean Emile Favre,Rua Potengi,IPSEP,-8.108570,-34.916722,E,Veicular,1,
565,Rua Jerônimo Vilela,Rua Dr. Machado,CAMPO GRANDE,-8.029414,-34.881878,E,Veicular,1,
566,Rua Dr. Miguel Vieira Ferreira,Rua Inácio Monteiro,CORDEIRO,-8.051208,-34.933048,E,Veic.C/Ped.Ocas.,1,
567,Rua Des. José Neves,Rua Desembargador João Paes,BOA VIAGEM,-8.126658,-34.909940,E/Git,Veicular,1,
568,Av. Caxangá,Av. Afonso Olindense,VÁRZEA,-8.031370,-34.955740,E/Git,Veicular,,
569,Rua Aurora Caçote,Próximo a Rua Izabel de Góis,AREIAS,-8.099306,-34.934257,E/Git,Ocasional/Ped.,,
570,Av. Mascarenhas de Morais,Praça Ministro Salgado Filho,IMBIRIBEIRA,-8.132517,-34.916380,E,Ocasional/Ped.,1,
571,Cais de Santa Rita,Acesso ao terminal de ônibus,SÃO JOSÉ,-8.069236,-34.876124,E/Git,Veicular,1,
572,Rua 10 de Julho,Rua 20 de Janeiro,SETÚBAL,-8.134801,-34.913548,E/Git,Veicular,1,
573,Rua 10 de Julho,Rua Waldemar Nery C. Monteiro,SETÚBAL,-8.135172,-34.911862,E/Git,Veicular,1,
574,Rua João Cardoso Aires,Rua Sá e Souza,SETÚBAL,-8.142274,-34.908591,E/Git,Veicular,1,
575,Av. Beberibe,Rua Cantora Dalva de Oliveira,BEBERIBE,-8.006926,-34.890943,E,Veic.C/Ped.Ocas.,1,
576,Av. Visconde de Albuquerque,Rua Demóstenes de Olinda,TORRE,-8.049327,-34.906468,E/Git,Veicular,1,
577,Rua Gal. Polidoro,Rua Abatiá,CIDADE UNIVERSITÁRIA,-8.042460,-34.946922,E,Veicular,1,
578,Rua da Soledade,Rua do Progresso,BOA VISTA,-8.058852,-34.889911,E/Git,Veic.C/Ped.Ocas.,1,
579,Rua da Aurora,Rua do Riachuelo,BOA VISTA,-8.060809,-34.880832,E/Git,Veicular,1,
580, Av. Desembargador José Neves,Saída do Túnel Augusto Lucena sent S/C,BOA VIAGEM,-8.121374,-34.909356,E/DIG,Ocasional/Ped.,,
581,Av. Maria Irene,Alberto Lundgren, Rua,JORDÃO,-8.137056,-34.936962,E/Git,Veicular,
582,Cais de Santa Rita,Em frente ao Edf. Pier Maurício de Nassau S/C,SÃO JOSÉ,-8.071584,-34.877446,E/Git,Ocasional/Ped.,,
583,Cais de Santa Rita,Em frente ao Edf. Pier Maurício de Nassau C/S,SÃO JOSÉ,-8.071508,-34.877486,E/Git,Ocasional/Ped.,,
584,Av. Maria Irene,Próximo a Rua Cafarnaum,JORDÃO,-8.140728,-34.929391,E/Git,Ocasional/Ped.,,
585,Rua Leonardo Bezerra Cavalcanti,Rua Jornal do Commércio,CASA FORTE,-8.037385,-34.913637,E/Git,Veicular,,
586,Rua Delmiro Gouveia,Em frente ao Prédio da CHESF,SAN MARTIN,-8.063632,-34.930486,E,Ocasional/Ped.,1,
587,Av. Norte Miguel Arraes de Alencar,Praça General Abreu e Lima,SANTO AMARO,-8.048290,-34.876001,E/Git,Veicular,,
588,Rua Manuel de Medeiros,Estrada dos Pintos,DOIS IRMÃOS,-8.016799,-34.951307,E/Git,Veicular,,
589,Rua Odete Monteiro,Estevão Francisco da Costa, Rua Prof.,CORDEIRO,-8.047178,-34.918722,E/Git,Veicular,
590,Rua Benfica,Praça Euclides da Cunha,MADALENA,-8.058701,-34.902706,E/Git,Veicular,,
591,Av Caxangá ,Rua Manoel Moreira,CORDEIRO,-8.049905,-34.922193,E/Git,Veicular,,
592,Av. Dom João VI,Saída do estacionamento do Shopping S/C,BOA VIAGEM,-8.118592,-34.907107,E/Git,Ocasional/Ped.,,
593,Estrada do Encanamento,Estrada das Ubaias,CASA AMARELA,-8.030341,-34.919003,E/Git,Veicular,1,
594,Av. Dois Rios,Em frente ao Nº 110,IBURA,-8.109820,-34.936173,E/Git,Ocasional/Ped.,1,
595,Rua Joaquim Nabuco,Rua Monsenhor Ambrozino Leite,GRAÇAS,-8.052665,-34.901092,E/Git,Veicular,1,
596,Av. Norte Miguel Arraes de Alencar,Em frente ao nº 7123,MACAXEIRA,-8.018460,-34.928500,E,Ocasional/Ped.,1,
597,Rua Odete Monteiro,Rua Dr. João Lacerda,CORDEIRO,-8.045478,-34.921760,E,Ocasional/Ped.,1,
598,Rua da Harmonia,Rua Major Nereu Guerra,CASA AMARELA,-8.026241,-34.913430,E/Git,Veicular,1,
599,Av. Recife,Em frente ao Conj. Inês Andeazza,CAÇOTE,-8.097522,-34.928591,E/Git,Ocasional/Ped.,1,
600,Rua Monsenhor Ambrozino Leite,Rua das Pernambucanas,GRAÇAS,-8.050878,-34.901050,E/Git,Veicular,1,
601,Rua José Bonifacio,Rua José de Holanda,TORRE,-8.044731,-34.907491,E/Git,Ocasional/Ped.,1,
602,Rua Pe. Lemos,Rua Visconde de Taunay,CASA AMARELA,-8.024301,-34.917945,E,Veic.C/Ped.Ocas.,1,
603,Av. Guararapes,Estação BRT Guararapes, (Sub/Cid),STO ANTONIO,-8.063384,-34.879344,E/Git,Pedestre,1
604,Av. Guararapes,Estação BRT Guararapes, (Cid/Sub),STO ANTONIO,-8.063569,-34.878803,E/Git,Pedestre,1
605,Av Caxangá ,Estação BRT Riacho Cavoco (Cid/Sub),IPUTINGA,-8.036393,-34.946281,E/Git,Ocasional/Ped.,1,
606,Av Caxangá ,Estação BRT Pq. Do Cordeiro (Sub/Cid),CORDEIRO,-8.046407,-34.928610,E/Git,Ocasional/Ped.,1,
607,Av Caxangá ,Estação BRT Caiara, (Cid/Sub),IPUTINGA,-8.043293,-34.933760,E/Git,Ocasional/Ped.,1
608,Av Caxangá ,Estação BRT Riacho Cavoco (Sub/Cid),IPUTINGA,-8.036567,-34.946324,E/Git,Pedestre,1,
609,Av Caxangá ,Estação BRT Eng. Poeta, (Cid/Sub),BRASILIT,-8.034399,-34.949951,E/Git,Ocasional/Ped.,1
610,Av Caxangá ,Estação BRT Caiara, (Sub/Cid),IPUTINGA,-8.043459,-34.933822,E/Git,Ocasional/Ped.,1
611,Rua 21 de Abril,Proximo a Rua Bezerra da Palma,MUSTARDINHA,-8.076367,-34.913519,E,Ocasional/Ped.,1,
612,Estrada de Belém,Próx. a Rua São Félix,CAMPO GRANDE,-8.032265,-34.879187,E,Ocasional/Ped.,1,
613,Rua Des. Goes Cavalcante,Próx a Rua Albino Meira,VILA DOS COMERCIÁRIOS,-8.031017,-34.908528,E/Git,Ocasional/Ped.,1,
614,Av. 17 de Agosto,Av. Flor de Santana,SANTANA,-8.035525,-34.912678,E/Git,Veicular,1,
615,Av. Dr. José Rufino,Em frente Ao Nº 2673,BARRO,-8.092823,-34.946131,E,Ocasional/Ped.,1,
616,Av. Recife,Em frente ao Nº 2843(Aeroporto/CEASA),VILA DO IPSEP,-8.112691,-34.926312,E/Git,Ocasional/Ped.,1,
617,Av. Recife,Em frente ao Hospital Geral de Areias,CAÇOTE,-8.100470,-34.928072,E/Git,Ocasional/Ped.,1,
618,Av. Recife,Em frente ao Conj. Inês Andreasa,AREIAS,-8.097504,-34.928465,E/Git,Ocasional/Ped.,1,
619,Av. Recife,Em frente ao nº 727,AREIAS,-8.092766,-34.929158,E/Git,Ocasional/Ped.,1,
620,Av. Recife,Av. Tapajós,AREIAS,-8.090861,-34.929408,E/Git,Veic.C/Ped.Ocas.,1,
621,Av. Recife,Lado oposto aoSemáforo nº 461,AREIAS,-8.089031,-34.929653,E/Git,Ocasional/Ped.,1,
622,Rua da Regeneração,Aproximação da Av. Beberibe,ÁGUA FRIA,-8.018819,-34.892932,E,Ocasional/Ped.,1,
623,Rua Carlos Gomes,Rua Ricardo Salazar,PRADO,-8.057961,-34.910720,E/Git,Veicular,1,
624,Av. Visc. de Suassuna ,Em frente ao nº 500,SANTO AMARO,-8.052592,-34.886268,E,Ocasional/Ped.,1,
625,Av. Masc. de Morais,Lado oposto à Rua Professor Aurélio de Castro Cavalcanti ,IMBIRIBEIRA,-8.139774,-34.917560,E,Ocasional/Ped.,1,
626,Av. Masc. de Morais,Próximo à Rua Professor Aurélio de Castro Cavalcanti ,IMBIRIBEIRA,-8.139507,-34.917362,E,Ocasional/Ped.,1,
627,Av. Cruz Cabugá,Em frente ao nº 665,SANTO AMARO,-8.048978,-34.878004,E/Git,Ocasional/Ped.,1,
628,Rua Benfica,Rua Demócrito de Souza Filho,MADALENA,-8.058146,-34.906144,E/Git,Veicular,1,
629,Rua Benfica,Rua Arlindo Gouveia,MADALENA,-8.057949,-34.904100,E/Git,Veicular,1,
630,Rua Conde do Irajá,Av. Beira Rio,TORRE,-8.045639,-34.904331,E/Git,Veicular,1,
631,Av. Masc. de Morais,Rua Noruega,IMBIRIBEIRA,-8.104908,-34.911083,E/Git,Veicular,1,
632,Rua Arquiteto Luiz Nunes,Em Frente a Escola Anita Garibaldi,IMBIRIBEIRA,-8.093749,-34.911329,E/Git,Ocasional/Ped.,1,
633,Rua Arquiteto Luiz Nunes,Rua Miss. Joel Carlson,IMBIRIBEIRA,-8.096028,-34.911796,E/Git,Veicular,1,
634,Rua Arquiteto Luiz Nunes,Av. Eng. Alves de Souza,IMBIRIBEIRA,-8.098032,-34.912281,E/Git,Veic.C/Ped.Ocas.,1,
635,Rua Arquiteto Luiz Nunes,Em Frente ao N° 285,IMBIRIBEIRA,-8.101684,-34.912871,E/Git,Ocasional/Ped.,1,
636,Rua Paris,Rua Jean Emile Favre,IPSEP,-8.105941,-34.913711,E/Git,Veicular,1,
637,Rua Arquiteto Luiz Nunes,Próx. Ao N° 476,IMBIRIBEIRA,-8.104179,-34.913319,E/Git,Ocasional/Ped.,1,
638,Av. Afonso Olindense,Rua Rodrigues Ferreira,VÁRZEA,-8.033320,-34.955170,E/Git,Veic.C/Ped.,,
639,Av. Dom João VI,Após a Rua Soldado Sinésio Aragão C/S,BOA VIAGEM,-8.118480,-34.907689,E/Git,Ocasional/Ped.,,
640,Av. Gal. Mac. Arthur,Rua Sgt Silvino de Macedo,IMBIRIBEIRA,-8.110396,-34.906276,E/Git,Veicular,1,
641,Rua Uriel de Holanda,Em frente a Esc. Est. Pe. Nércio Rodrigues,LINHA DO TIRO,-8.008529,-34.904465,E,Ocasional/Ped.,1,
642,Rua Jeronimo Vilela,Prof. José dos Anjos,CAMPO GRANDE,-8.024491,-34.882955,E,Veicular,1,
643,Av. Norte Miguel Arraes de Alencar,Rua Gomes Coutinho,TAMARINEIRA,-8.026861,-34.904560,E/Git,Veicular,1,
644,Rua Barão de Souza Leão,Rua 20 de Janeiro,IMBIRIBEIRA,-8.133081,-34.913173,E/Git,Veic.C/Ped.Paral.,1,
645,Av. Mauricio de Nassau,Em frente ao Hospital Fundação Altino Ventura,IPUTINGA,-8.036300,-34.936960,E,Ocasional/Ped.,1,
646,Av. 17 de Agosto,Rua Engenheiro Oscar Ferreira,CASA FORTE,-8.030863,-34.924507,E/Git,Veicular,1,
647,Estrada do Arraial,EEm frente ao Nº 4715,CASA AMARELA,-8.027890,-34.924095,E/Git,Ocasional/Ped.,1,
648,Rua Antonio Falcão,Rua Gal. Edson A. Ramalho,BOA VIAGEM,-8.113374,-34.900106,E/Git,Veicular,1,
649,Rua João Tude de Melo,Rua Virgínia Loreto,PARNAMIRIM,-8.035838,-34.909644,E/Git,Veicular,1,
650,Av. Gov. Agamenon Magalhães,Em frente ao Hospital da Restauração,DERBY,-8.054795,-34.897674,E/Git,Ocasional/Ped.,,
651,Rua João Sales,Av. Prof. Antônio Coelho,CIDADE UNIVERSITÁRIA,-8.039950,-34.944695,E/Git,Veic.C/Ped.,,
652,Av. Mário Álvares Pereirade Lyra,Rua Mauricéa,IPUTINGA,-8.046996,-34.940548,E/Git,Veic.C/Ped.,,
653,Rua Estado de Israel,Rua Lins Petit,ILHA DO LEITE,-8.062788,-34.895284,E/Git,Veicular,,
654,Av. São Paulo,Rua Construtor Luiz Carvalhedo,JARDIM SÃO PAULO,-8.082019,-34.939725,E/Git,Veic.C/Ped.,,
655,Estrada da Ubaias,Rua Conselheiro Nabuco,CASA AMARELA,-8.029123,-34.917341,E/Git,Veic.C/Ped.,,
656,Av. João de Barros,Rua da Hora,ESPINHEIRO,-8.042068,-34.891063,E/Git,Veicular,,
657,Av Herculano Bandeira ,Rua Nogueira de Souza,PINA,-8.085877,-34.888019,E/Git,Veicular,,
658,Av. República Árabe Unida,Rua Nogueira de Souza,PINA,-8.086776,-34.888969,E/Git,Veicular,,
659,Rua Manoel de Brito,Av. República Árabe Unida,PINA,-8.087144,-34.888434,E/Git,Ocasional/Ped.,,
660,Av. Herculano Bandeira,Rua Arquiteto Augusto Reinaldo,PINA,-8.085393,-34.888464,E/Git,Veicular,,
661,Av. Saturnino de Brito,Largo do Cabanga,CABANGA,-8.079534,-34.892795,E/Git,Ocasional/Ped.,,
662,Largo do Cabanga,Sentido Boa Viagem (Pista Leste),CABANGA,-8.080363,-34.892198,E/Git,Ocasional/Ped.,,
663,Av. Boa Viagem,Rua Henrique Capitulino,BOA VIAGEM,-8.110297,-34.889290,E/Git,Veic.C/Ped.Paral.,,
664,Av. João de Barros,Rua Arthur Azevedo,ENCRUZILHADA,-8.037775,-34.891463,E/Git,Veic.C/Ped.Paral.,,
665,Av. Norte Miguel Arraes de Alencar,Rua Alfredo de Castro,ENCRUZILHADA,-8.039094,-34.890392,E/Git,Veic.C/Ped.Paral.,,
666,Rua Castro Alves,Rua José de Sá Carneiro,ENCRUZILHADA,-8.037776,-34.889820,E/Git,Veicular,,
667,Av. General Mac Arthur,Sob a Estação do Metrô Antônio Falcão,IMBIRIBEIRA,-8.109476,-34.909099,E/Git,Ocasional/Ped.,,
668,Rua Floriano Peixoto,Ao lado da Casa da Cultura,SÃO JOSÉ,-8.065816,-34.882460,E/Git,Ocasional/Ped.,,
669,Av. Dom João VI,Rua José da Silva Lucena,BOA VIAGEM,-8.115932,-34.904450,E/Git,Ocasional/Ped.,,
670,Av. Dom João VI,Rua Padre Carapuceiro,BOA VIAGEM,-8.115911,-34.903887,E/Git,Ocasional/Ped.,,
671,Av. Norte Miguel Arraes de Alencar,Rua Cel. João Batista do Rêgo Barros ,MACAXEIRA,-8.016282,-34.930492,E/Git,Veic.C/Ped.Paral.,,
672,Av. Gov. Agamenon Magalhães,Rua Dr. João Asfora,ILHA DO LEITE,-8.063911,-34.897110,E/Git,Veic.C/Ped.Paral.,,
673,Av. Gal. Mac. Arthur,Em Frente ao Le Parc Residencial Resort,IMBIRIBEIRA,-8.111700,-34.903530,E/Git,Ocasional/Ped.,,
674,Av. Cruz Cabugá,Rua Dr. Pedro Afonso,SANTO AMARO,-8.051000,-34.879430,E/Git,Veic.C/Ped.Paral.,,
675,Rua Amélia,Rua Esmeraldino Bandeira,GRAÇAS,-8.045043,-34.898959,E/Git,Veicular,,
676,Av. Norte ,Rua Oscar de Barros,CASA AMARELA,-8.021898,-34.915835,E/Git,Veic.C/Ped.Paral.,,
677,Av. Norte ,Rua Bella Vista,ALTO JOSÉ DO PINHO,-8.024274,-34.911355,E/Git,Veic.C/Ped.Paral.,,
678,Rua Jenner de Souza ,Praça do Derby,DERBY,-8.055926,-34.900089,E/Git,Veic.C/Ped.Paral.,,
679,Av. Conde da Boa Vista,Rua José de Alencar,BOA VISTA,-8.058862,-34.887720,E/Git,Veic.C/Ped.Paral.,,
680,Av. Conde da Boa Vista,Em Frente a Faculdade Fafire,BOA VISTA,-8.058165,-34.888872,E/Git,Veic.C/Ped.Paral.,,
681,Av. Conde da Boa Vista,Rua das Ninfas,BOA VISTA,-8.057143,-34.891121,E/Git,Veic.C/Ped.Paral.,,
682,Av. Conde da Boa Vista,Rua Padre Inglês,BOA VISTA,-8.056161,-34.894186,E/Git,Veic.C/Ped.Paral.,,
683,Av. Conde da Boa Vista,Entre a Rua do Hospício e a Rua Gervásio Pires,BOA VISTA,-8.060132,-34.885366,E/Git,Veic.C/Ped.Paral.,,
684,Av. Gov. Agamenon Magalhães,Sob o viaduto da Av. Norte sentido Olinda,SANTO AMARO,-8.042644,-34.884697,E/Git,Veic.C/Ped.Ocas.,,
685,Av. Gov. Agamenon Magalhães,Sob o viaduto da Av. Norte sentido Boa Viagem,SANTO AMARO,-8.042262,-34.884735,E/Git,Veic.C/Ped.Ocas.,,
686,Av. Conselheiro Rosa e Silva,Rua Neto de Mendonça,TAMARINEIRA,-8.035935,-34.902039,E/Git,Veicular,,
687,Av. Abdias de Carvalho,Giro à esquerda no sentido cid/sub (antes do semáforo nº 058) ,TORRÕES,-8.060656,-34.924857,E/DIG,Veicular,,
688,Av. Abdias de Carvalho,Giro à esquerda no sentido sub/cid (antes do semáforo nº 058) ,TORRÕES,-8.060329,-34.926337,E/DIG,Veicular,,
689,Av. Beira Rio,Rua Demóstenes Olinda,MADALENA,-8.050027,-34.904887,E/Git,Veic.C/Ped.Paral.,,
690,Av. Beira Rio,Em frente ao Ed. Príncipe Verona nº 55,MADALENA,-8.052819,-34.904839,E/Git,Veicular,,
691,Av. Beira Rio,Em frente ao Ed. Uirapuru nº 666,MADALENA,-8.050119,-34.904914,E/Git,Veicular,,
692,Av. Beira Rio,Em frente ao Ed. Beira Rio nº 284,MADALENA,-8.048149,-34.904241,E/Git,Veicular,,
693,Av. Gal. San Martin,Entrada e Saída do Atakarejo,SAN MARTIN,-8.060979,,-34.925918,E/DIG,Veic.C/Ped.Paral.,
694,Rua Pe. Roma,Rua Tito Rosa,PARNAMIRIM,-8.033700,-34.906600,E/Git,Veic.C/Ped.Paral.,,
695,Rua Pe. Roma,Rua Sebastião Malta Arcoverde,PARNAMIRIM,-8.033240,-34.907010,E/Git,Veic.C/Ped.Paral.,,
696,Rua da Harmonia,Rua Conselheiro Nabuco,CASA FORTE,-8.030235,-34.914829,E/Git,Veic.C/Ped.Ocas.,,
697,Rua Ribeiro de Brito ,Rua Cel. Anízio Rodrigues Coelho,BOA VIAGEM,-8.123012,-34.907169,E/DIG,Veic.C/Ped.Paral.,,
698,Rua Bruno Veloso,Rua Cel. Anízio Rodrigues Coelho,BOA VIAGEM,-8.120888,-34.907173,E/DIG,Veic.C/Ped.Paral.,,
699,Rua Bruno Veloso,Rua Agenor Lopes,BOA VIAGEM,-8.120730,-34.905907,E/DIG,Veic.C/Ped.Paral.,,
700,Rua Bruno Veloso,Av. Visconde de Jequitinhonha (Shopping Recife),BOA VIAGEM,-8.120945,-34.903978,E/DIG,Veic.C/Ped.,,
701,Rua Bruno Veloso,Saída do Shopping,BOA VIAGEM,-8.121213,-34.901983,E/DIG,Veic.C/Ped.Paral.,,
702,Rua Senzala,Rua Dois Irmãos,DOIS IRMÃOS,-8.019080,-34.940980,E/DIG,Veicular,,
703,Av. República Árabe Unida,Av. República do Líbano,PINA,-8.085600,-34.890100,E/DIG,Veic.C/Ped.Ocas.,,
704,Av. Recife,Rua Maestro Alcides Leão,ESTÂNCIA,-8.081990,-34.933240,E/DIG,Veic.C/Ped.Paral.,,
705,Av. Recife,Rua Laura Bandeira de Melo,ESTÂNCIA,-8.078840,-34.934080,E/DIG,Veic.C/Ped.Paral.,,
706,Av. Dr. José Rufino,Após a Rua Pe. Nóbrega,BARRO,-8.092651,-34.939130,E,Veic.C/Ped.Paral.,,
707,Av. Dois Rios,Ladeira da Cohab,IBURA,-8.119848,-34.943391,E/Git,Veicular,,
708,Travessa Pe. Carapuceiro,Portão de Acesso de pedestre Shopping Recife,BOA VIAGEM,-8.11715,-34.901720,E/Git,Pedestre,,
709,Av. Domingos Ferreira,Rua Uniflor,PINA,-8.09106,-34.884799,E/Git,Ocasional/Ped.,,
710,Av. Eng. José Estelita,Em frente ao edifício Mirante do Cais,CABANGA,-8.077084,-34.890929,E/Git,Ocasional/Ped.,,
711,Av. Gov. Agamenon Magalhães,Rua Jose Luis da Silveira Barros,ESPINHEIRO,-8.047039,-34.892057,E/Git,Veic.C/Ped.Paral.,,
712,Rua Dom Manuel de Medeiros,Saída da Praça Farias Neves,DOIS IRMÃOS,-8.016135,-34.944973,E/Git,Veicular,,
